{
    "user_modeling": {
        "min": [
            0, 1, 3, 2, 4
        ],
        "min_value": 0.12777224,
        "max": [0, 2, 1, 4, 3],
        "max_value": 0.177801227
    },
    "ecoli": {
        "min": [
            0, 1, 3, 4, 2
        ],
        "min_value": 0.07733244,
        "max": [0, 3, 2, 1, 4],
        "max_value": 0.236400991
    },
    "seeds_dataset": {
        "min": [
            0, 1, 3, 6, 5, 2, 4
        ],
        "min_value": 0.097959581,
        "max": [0, 1, 5, 4, 3, 6, 2],
        "max_value": 0.284505723
    },
    "diabetes": {
        "min": [
            0, 1, 2, 3, 5, 6, 4, 7
        ],
        "min_value": 0.094187249,
        "max": [0, 5, 2, 4, 7, 3, 1, 6],
        "max_value": 0.355198592
    },
    "shuttle": {
        "min": [
            0, 2, 6, 7, 4, 1, 5, 3
        ],
        "min_value": 0.036159213,
        "max": [0, 1, 5, 7, 2, 3, 6, 4],
        "max_value": 0.436008636
    },
    "BreastTissue": {
        "min": [
            0, 7, 3, 4, 6, 5, 1, 2, 8
        ],
        "min_value": 0.073401544,
        "max": [0, 3, 2, 5, 7, 6, 8, 1, 4],
        "max_value": 0.408785866
    },
    "Live": {
        "min": [
            0, 3, 5, 7, 6, 8, 1, 2, 4
        ],
        "min_value": 0.033124073,
        "max": [0, 1, 5, 4, 7, 3, 2, 6, 8],
        "max_value": 0.38976101
    },
    "breast-cancer-wisconsin": {
        "min": [
            0, 5, 2, 1, 7, 8, 3, 4, 6
        ],
        "min_value": 0.131168139,
        "max": [0, 1, 8, 5, 6, 2, 4, 3, 7],
        "max_value": 0.256827784
    },
    "dataR2": {
        "min": [
            0, 1, 8, 5, 7, 4, 3, 6, 2
        ],
        "min_value": 0.111679286,
        "max": [0, 3, 7, 2, 1, 6, 4, 8, 5],
        "max_value": 0.345273
    },
    "elnino": {
        "min": [
            0, 3, 1, 4, 5, 6, 2, 8, 7
        ],
        "min_value": 0.167930015,
        "max": [0, 2, 4, 8, 1, 3, 6, 7, 5],
        "max_value": 0.362816428
    },
    "glass": {
        "min": [
            0, 6, 2, 4, 1, 3, 5, 7, 8
        ],
        "min_value": 0.080891579,
        "max": [0, 1, 5, 3, 6, 2, 7, 8, 4],
        "max_value": 0.391409992
    },
    "CASP": {
        "min": [
            0, 2, 8, 7, 6, 4, 1, 5, 3, 9
        ],
        "min_value": 0.096621662,
        "max": [0, 4, 3, 5, 7, 6, 9, 2, 1, 8],
        "max_value": 0.365940758
    },
    "cloud": {
        "min": [
            0, 3, 2, 1, 6, 8, 9, 7, 4, 5
        ],
        "min_value": 0.065784468,
        "max": [0, 4, 6, 7, 5, 1, 2, 9, 3, 8],
        "max_value": 0.44222809
    },
    "slump_test": {
        "min": [
            0, 3, 8, 7, 2, 5, 9, 4, 1, 6
        ],
        "min_value": 0.171122346,
        "max": [0, 1, 6, 8, 5, 9, 3, 4, 7, 2],
        "max_value": 0.389330417
    },
    "tripadvisor_review": {
        "min": [
            0, 3, 2, 4, 6, 5, 7, 9, 1, 8
        ],
        "min_value": 0.129608627,
        "max": [0, 7, 1, 4, 6, 3, 9, 5, 2, 8],
        "max_value": 0.379631183
    },
    "forestfires": {
        "min": [
            0, 2, 4, 6, 3, 5, 10, 9, 1, 7, 8
        ],
        "min_value": 0.075824033,
        "max": [0, 3, 2, 9, 5, 1, 4, 8, 7, 6, 10],
        "max_value": 0.423345369
    },
    "page-blocks": {
        "min": [
            0, 6, 10, 3, 4, 5, 1, 9, 8, 2, 7
        ],
        "min_value": 0.018721625,
        "max": [0, 1, 4, 9, 3, 6, 7, 5, 2, 8, 10],
        "max_value": 0.3288076
    },
    "winequality-red": {
        "min": [
            0, 7, 8, 1, 5, 6, 3, 4, 9, 2, 10
        ],
        "min_value": 0.102023186,
        "max": [0, 6, 4, 10, 7, 5, 3, 2, 1, 9, 8],
        "max_value": 0.418219346
    },
    "winequality-white": {
        "min": [
            0, 6, 2, 5, 7, 3, 4, 1, 9, 10, 8
        ],
        "min_value": 0.09591126,
        "max": [0, 3, 8, 1, 2, 7, 6, 10, 4, 9, 5],
        "max_value": 0.390986376
    },
    "CSM": {
        "min": [
            0, 4, 3, 2, 5, 10, 8, 9, 11, 7, 1, 6
        ],
        "min_value": 0.058422074,
        "max": [0, 3, 9, 10, 1, 4, 5, 8, 6, 2, 7, 11],
        "max_value": 0.396181013
    },
    "wine": {
        "min": [
            0, 2, 3, 7, 1, 9, 4, 12, 8, 6, 5, 11, 10
        ],
        "min_value": 0.147576897,
        "max": [0, 7, 6, 4,
            11,
            9,
            2,
            10,
            1,
            5,
            12,
            3,
            8
        ],
        "max_value": 0.404284815
    }
}