{
    "user_modeling": {
        "max": [
            0,
            1,
            3,
            2,
            4
        ],
        "min": [
            0,
            2,
            1,
            4,
            3
        ],
        "max_value": 0.25461286306381226,
        "min_value": 0.21762357652187347
    },
    "ecoli": {
        "max": [
            0,
            1,
            3,
            4,
            2
        ],
        "min": [
            0,
            3,
            2,
            1,
            4
        ],
        "max_value": 0.17941589653491974,
        "min_value": 0.10436105728149414
    },
    "seeds_dataset": {
        "max": [
            0,
            1,
            3,
            6,
            5,
            2,
            4
        ],
        "min": [
            0,
            3,
            2,
            6,
            1,
            4,
            5
        ],
        "max_value": 0.22809700667858124,
        "min_value": 0.09203945100307465
    },
    "diabetes": {
        "max": [
            0,
            1,
            2,
            3,
            5,
            6,
            4,
            7
        ],
        "min": [
            0,
            5,
            2,
            4,
            7,
            3,
            1,
            6
        ],
        "max_value": 0.36728939414024353,
        "min_value": 0.1252048909664154
    },
    "shuttle": {
        "max": [
            0,
            2,
            3,
            1,
            4,
            6,
            7,
            5
        ],
        "min": [
            0,
            1,
            4,
            2,
            6,
            5,
            3,
            7
        ],
        "max_value": 0.271480917930603,
        "min_value": 0.025138067081570625
    },
    "BreastTissue": {
        "max": [
            0,
            7,
            3,
            4,
            6,
            5,
            1,
            2,
            8
        ],
        "min": [
            0,
            1,
            4,
            8,
            3,
            2,
            5,
            7,
            6
        ],
        "max_value": 0.47097456455230713,
        "min_value": 0.0987275019288063
    },
    "Live": {
        "max": [
            0,
            3,
            5,
            7,
            6,
            8,
            1,
            2,
            4
        ],
        "min": [
            0,
            1,
            5,
            4,
            7,
            3,
            6,
            2,
            8
        ],
        "max_value": 0.8038930296897888,
        "min_value": 0.17046333849430084
    },
    "breast-cancer-wisconsin": {
        "max": [
            0,
            4,
            5,
            3,
            8,
            7,
            1,
            2,
            6
        ],
        "min": [
            0,
            5,
            7,
            4,
            2,
            3,
            6,
            1,
            8
        ],
        "max_value": 0.5564503073692322,
        "min_value": 0.3534078299999237
    },
    "dataR2": {
        "max": [
            0,
            1,
            8,
            5,
            7,
            4,
            3,
            6,
            2
        ],
        "min": [
            0,
            5,
            3,
            8,
            2,
            6,
            1,
            4,
            7
        ],
        "max_value": 0.4192652404308319,
        "min_value": 0.1644810140132904
    },
    "elnino": {
        "max": [
            0,
            3,
            1,
            4,
            5,
            6,
            2,
            8,
            7
        ],
        "min": [
            0,
            2,
            4,
            8,
            1,
            3,
            6,
            7,
            5
        ],
        "max_value": 0.24164298176765442,
        "min_value": 0.0997784286737442
    },
    "glass": {
        "max": [
            0,
            6,
            2,
            4,
            1,
            3,
            7,
            5,
            8
        ],
        "min": [
            0,
            1,
            4,
            5,
            6,
            7,
            2,
            3,
            8
        ],
        "max_value": 0.454313188791275,
        "min_value": 0.1223667562007904
    },
    "CASP": {
        "max": [
            0,
            1,
            2,
            7,
            8,
            6,
            5,
            4,
            3,
            9
        ],
        "min": [
            0,
            1,
            6,
            2,
            9,
            8,
            5,
            7,
            3,
            4
        ],
        "max_value": 0.3759121298789978,
        "min_value": 0.11582130938768387
    },
    "cloud": {
        "max": [
            0,
            2,
            3,
            1,
            6,
            8,
            9,
            7,
            4,
            5
        ],
        "min": [
            0,
            4,
            6,
            9,
            5,
            2,
            1,
            7,
            3,
            8
        ],
        "max_value": 0.48167937994003296,
        "min_value": 0.0662405714392662
    },
    "slump_test": {
        "max": [
            0,
            3,
            8,
            7,
            2,
            5,
            9,
            1,
            4,
            6
        ],
        "min": [
            0,
            1,
            6,
            8,
            5,
            9,
            3,
            4,
            7,
            2
        ],
        "max_value": 0.28739285469055176,
        "min_value": 0.09203755110502243
    },
    "tripadvisor_review": {
        "max": [
            0,
            3,
            2,
            4,
            6,
            5,
            7,
            9,
            1,
            8
        ],
        "min": [
            0,
            1,
            7,
            2,
            8,
            5,
            3,
            9,
            6,
            4
        ],
        "max_value": 0.28017401695251465,
        "min_value": 0.09054869413375854
    },
    "forestfires": {
        "max": [
            0,
            2,
            4,
            6,
            3,
            5,
            10,
            9,
            1,
            7,
            8
        ],
        "min": [
            0,
            3,
            2,
            10,
            5,
            1,
            4,
            8,
            7,
            6,
            9
        ],
        "max_value": 0.4693315625190735,
        "min_value": 0.0874733105301857
    },
    "page-blocks": {
        "max": [
            0,
            3,
            10,
            4,
            5,
            1,
            9,
            8,
            7,
            2,
            6
        ],
        "min": [
            0,
            1,
            4,
            9,
            3,
            2,
            6,
            5,
            7,
            8,
            10
        ],
        "max_value": 0.8773800730705261,
        "min_value": 0.2976692318916321
    },
    "winequality-red": {
        "max": [
            0,
            2,
            9,
            4,
            3,
            6,
            5,
            1,
            10,
            8,
            7
        ],
        "min": [
            0,
            6,
            4,
            10,
            7,
            9,
            5,
            1,
            2,
            3,
            8
        ],
        "max_value": 0.3570457398891449,
        "min_value": 0.06679558008909225
    },
    "winequality-white": {
        "max": [
            0,
            1,
            4,
            5,
            3,
            7,
            2,
            6,
            9,
            8,
            10
        ],