{"puntoRappresentativo": [0.07524917782430529, 0.19306985698996149, 0.23680603570311154, 0.16285699923642658, 0.06697502376180464, 0.12620335966813395, 0.07908376884934175, 0.0597557779669148], "listaNomiAttDominanti": ["BloodPressure", "Glucose", "SkinThickness", "BMI", "PedigreeFunction", "Pregnancies", "Insulin", "Age"], "listaIndiciAttDominanti": [2, 1, 3, 5, 6, 0, 4, 7], "listaSimilaritaPunti": [0.8622044505655101, 0.8351998617118004, 0.9356249876891309, 0.930407265098741, 0.9418653164851368, 0.9619540816981608, 0.9288901827075587, 0.7450937213611919, 0.8986883400826966, 0.9137349717019786, 0.9565306389056945, 0.8835966748503926, 0.9187426099771053, 0.8989281144795005, 0.9251548014449315, 0.8976939684538505, 0.9176645929578192, 0.8866250099088337, 0.9330419818851269, 0.8945446825178088, 0.9259984849802166, 0.9193789789143247, 0.9689998180068623, 0.967217610078089, 0.8292313874096657, 0.9218582938202635, 0.8427295352714185, 0.8630741391800429, 0.9194982019970792, 0.858154150996399, 0.8803138594527945, 0.9390441829965885, 0.9055614117077768, 0.9616899477844468, 0.8683371628610872, 0.8107802896758807, 0.9054699837872066, 0.9525831192213281, 0.9518074114134742, 0.8999391423142583, 0.9482661938972148, 0.9347730962235407, 0.9241920760463245, 0.9234348100838325, 0.9330160303251026, 0.8361242670120705, 0.925176097737939, 0.8904534384925664, 0.9369253670301302, 0.8537002670216656, 0.9342428734190457, 0.9424072545708331, 0.8368481685053413, 0.9009781839662226, 0.906576782305767, 0.8819971685237243, 0.9649479758093246, 0.9476823632784531, 0.8419339472114278, 0.7795042716052514, 0.8716531200019725, 0.9329604591830818, 0.9479475756955932, 0.9687527888217263, 0.8542057708568641, 0.8611412026115095, 0.9247869554333578, 0.9079921172610024, 0.9391317998041399, 0.8688786388694634, 0.8780409100659047, 0.8778280768927513, 0.9448873849584843, 0.9216732770811977, 0.9407551433465415, 0.9380254900285022, 0.8998490411261871, 0.9409588422374289, 0.9155383475649536, 0.913873763285186, 0.8944636339716001, 0.9213794025484072, 0.9062600418429743, 0.9469306178029099, 0.9669271496215937, 0.9200415143789255, 0.9388706720542506, 0.9632229225617595, 0.9506916939362043, 0.9637722644310464, 0.9222785373982416, 0.9502555125788902, 0.9133989027207687, 0.9351187390292125, 0.9539694292395535, 0.9225585518698145, 0.887458741367256, 0.9513857728518673, 0.9699871920681337, 0.9348145123161469, 0.9140102530816595, 0.8962375737347701, 0.9737917260508324, 0.9098292008443001, 0.9581665008237322, 0.9150196272788521, 0.8566599767790938, 0.9670770244524575, 0.8922782418853251, 0.9557735873012975, 0.7694357908994558, 0.8905278289359704, 0.9084623721214282, 0.9255077295611128, 0.9765812913477964, 0.9032808731529146, 0.9641075403488286, 0.9306095991658856, 0.9113218330697221, 0.958078393059867, 0.9795225181167714, 0.9135742538129564, 0.9589954950815993, 0.9339732453424163, 0.9397808275271001, 0.9410845123990089, 0.9617627954788868, 0.9429485930436706, 0.9178401480061084, 0.9461975954156211, 0.9524598450815218, 0.9634864843405536, 0.9254512718893831, 0.949097414908344, 0.9861018879260204, 0.9333457528889554, 0.9024288982634301, 0.968945722102592, 0.9303887293190055, 0.9863024141336817, 0.9405274238897974, 0.7047085654090104, 0.9724300579957756, 0.9573204938358922, 0.9657876658164765, 0.9232276431609467, 0.9822955632010649, 0.939102311614373, 0.9254872662152189, 0.8863081742206278, 0.9219709701365543, 0.933443190831835, 0.9214846656979339, 0.8696367697358746, 0.9297352403543204, 0.9195733524334332, 0.9567955609022502, 0.9634239402737208, 0.9717809519862389, 0.8959474739593889, 0.9582562516522465, 0.9585674147132255, 0.9835890807285104, 0.9475877158675021, 0.8027907473871071, 0.9183408366596741, 0.959572193572192, 0.9710893916392324, 0.8414007294886693, 0.9006116296925623, 0.9671670261411681, 0.9415762239340073, 0.8673127262654482, 0.9024549084211917, 0.9738259394593385, 0.747498430381988, 0.8983856105592639, 0.948311029384814, 0.9143965496052713, 0.9732760568020875, 0.9704281091468002, 0.9062887204253224, 0.9145870459618777, 0.9512985761715542, 0.977584956654066, 0.9811314156999829, 0.9540810051062819, 0.960911519922193, 0.9735476754039463, 0.9317641984930493, 0.9070772348752878, 0.9265406952682956, 0.9297912056770915, 0.98965223485285, 0.9115946680871483, 0.9372996539118537, 0.9706467623082268, 0.8834675407033645, 0.9380243482810802, 0.9468270527152934, 0.9439549867770999, 0.9509672248998841, 0.8630888212631147, 0.9162412863606334, 0.876980697315472, 0.9510438822818268, 0.9889760914961738, 0.9736252399723593, 0.9622728443330756, 0.9428832098198447, 0.9076691464739396, 0.8695770993809767, 0.9430117649966359, 0.9435710042847912, 0.916267486365647, 0.9593300005500812, 0.9492930835963527, 0.9627934287731793, 0.9787840747470599, 0.9378702019891425, 0.9669639114543198, 0.9504032071344168, 0.9436859523966896, 0.9566677966863517, 0.958400492231751, 0.9306416678559084, 0.9351801223880764, 0.9762155579868234, 0.9069034536885104, 0.900830265001351, 0.9000009440065689, 0.8734920261166835, 0.9599867263812829, 0.9576341749448914, 0.92629581248145, 0.8861062561899272, 0.9460293402562754, 0.8969201474765087, 0.9219674046678068, 0.9790086873290276, 0.9466978940699007, 0.926322952820472, 0.9487030741350255, 0.9321874338789569, 0.9767972531909228, 0.9268944063206231, 0.9381410915050877, 0.9800631182048186, 0.9812365478198196, 0.9258084792153063, 0.8777065538290236, 0.9843992357918994, 0.9482139921694044, 0.9517601079050202, 0.9641747258490779, 0.9808350596554601, 0.9389560578126505, 0.9643659035634355, 0.9257280247658782, 0.9684224563868542, 0.913817641392552, 0.9447502488339468, 0.9141015674063062, 0.9032597374660241, 0.9313608693362891, 0.7462568231008895, 0.9545951625519875, 0.9645306929774989, 0.9633376751718307, 0.894955716932231, 0.918019332206895, 0.9401834774080684, 0.8593236277685377, 0.9559322324232432, 0.9846100658598282, 0.9185762237641596, 0.9482419447903774, 0.8864909377684703, 0.8375172488681489, 0.922851841069132, 0.9261615581264492, 0.9830502979668854, 0.95394220339627, 0.9167977985091774, 0.8450396706813146, 0.9642241430689406, 0.9224707500700224, 0.8288049406397413, 0.8833444740029088, 0.9741344598940929, 0.9661593971922448, 0.8693931614484128, 0.9935458015157217, 0.9173355656978888, 0.8996868719366679, 0.9589061794483934, 0.9287576750505445, 0.9281773698182345, 0.9675614664942688, 0.9160823480690862, 0.9836082113078431, 0.8952872172568179, 0.947304763489658, 0.990557928081135, 0.9267539688088439, 0.9520426521729289, 0.9460858910874536, 0.9478352395949841, 0.9811827857038304, 0.9888047814919119, 0.8943250701116784, 0.9330227828915193, 0.880410577962413, 0.9674572929205479, 0.9879543172415862, 0.930036941950756, 0.9706286498502045, 0.9362339573897619, 0.9679314264306648, 0.9301308962106385, 0.9684007748467383, 0.9454970461519713, 0.9670991320570962, 0.9515928559012267, 0.9600746784078393, 0.9653209224995184, 0.9497197917208663, 0.9189643272951692, 0.9729067918701177, 0.9876710469264395, 0.9487500900926068, 0.9487163234013648, 0.944649871950165, 0.97817462246799, 0.9464885367186993, 0.9414779452698339, 0.941230197088795, 0.7112147644982993, 0.9267483237706893, 0.9156975577303156, 0.9528428929633568, 0.9264346911243219, 0.9609849543366507, 0.9112195090227307, 0.8539602912290288, 0.9619659936002974, 0.8632686001474675, 0.9155960242990224, 0.9423912207522709, 0.9193859738284945, 0.9374859769404753, 0.9016828407833792, 0.9724899252255341, 0.9455853726044723, 0.9382864017534075, 0.9349813498993239, 0.9421837939016342, 0.9323353311858161, 0.9845499482154376, 0.9258715117138431, 0.944894328634836, 0.9097793137883625, 0.7882856925082689, 0.9603623567653272, 0.9575881677021942, 0.8734667818447014, 0.9468601384287609, 0.9463152796032928, 0.9469374686715286, 0.7912223734378009, 0.8704346168991266, 0.8824541952228988, 0.9182409486891899, 0.8445031788494379, 0.9368716773991557, 0.9058083418246613, 0.9350859258592551, 0.867266580563982, 0.9086401526529645, 0.9015055016174582, 0.9449683246855763, 