{"puntoRappresentativo": [0.09695101789006733, 0.06141544618194146, 0.10213911776707585, 0.0897844292230895, 0.060895217593949565, 0.08298444038855979, 0.06431641625147286, 0.08688119965830438, 0.06866092107083235, 0.06097189658858096, 0.07422440400506686, 0.09091046543022394, 0.05986502795083529], "listaNomiAttDominanti": ["Ash", "Alcohol", "OD", "Acl", "Nonflavanoid phenols", "Phenols", "Hue", "Proanth", "Flavanoids", "Malic acid", "Color int", "Mg", "Proline"], "listaIndiciAttDominanti": [2, 0, 11, 3, 7, 5, 10, 8, 6, 1, 9, 4, 12], "listaSimilaritaPunti": [0.9333646385933216, 0.9015254445472881, 0.9574179649335213, 0.9138238506156804, 0.9878166240330949, 0.9326207400418315, 0.9295424074002017, 0.9489077633672047, 0.9192032605475927, 0.9223599736091809, 0.9250089947062611, 0.9312554183970057, 0.9398987947864728, 0.9076049518731358, 0.8950154442729449, 0.9514729421588044, 0.964739920844183, 0.9711828352535736, 0.915838593108822, 0.9320731070371512, 0.9282646911732633, 0.9572508373208714, 0.9324814312887687, 0.9430263001053201, 0.9543521952428476, 0.9741716303159171, 0.949873255282531, 0.9373447228809939, 0.976924749604979, 0.9349398021872611, 0.9570961301575569, 0.9256929311484979, 0.9718638741247161, 0.9645713532353246, 0.9696142444845228, 0.9643155708028991, 0.9629737308795607, 0.964016785668096, 0.9431321562429931, 0.9106407401419301, 0.9499707362513778, 0.9494495048674213, 0.9070234824856088, 0.9619399640272209, 0.942969999048162, 0.9539666841735109, 0.9397320051865962, 0.9179833078289047, 0.9687345821089918, 0.9447717648896984, 0.866513646296098, 0.9332102112817647, 0.9207071515717682, 0.96185225403099, 0.9334665340031149, 0.9470111024884234, 0.938867607563242, 0.9540515083107071, 0.9095072069257449, 0.7514907206319297, 0.8330331451849804, 0.8874954046928651, 0.9301270656652495, 0.8806330671054627, 0.9023186384186171, 0.9579456418478517, 0.8684016815310361, 0.9028781603581685, 0.8945084207781204, 0.7938297130819425, 0.9172593475894768, 0.9221976426107981, 0.9442162354258764, 0.9237145226540839, 0.8793544534088689, 0.9169260595668248, 0.9017991213254443, 0.9330583817776469, 0.8706503199393791, 0.9585275410430315, 0.8733758371255516, 0.9565313290796732, 0.9141313363559999, 0.9116405931556754, 0.8936792290500432, 0.9328632891602903, 0.925008219487214, 0.9019932716025952, 0.9380484456406679, 0.9091729928519409, 0.9175370365204497, 0.9195785748475983, 0.8989545669469928, 0.9103534974913406, 0.8808712021504076, 0.8728374811134046, 0.8510589687844161, 0.9161911355333343, 0.8908039999246113, 0.9083112975758811, 0.916466708770716, 0.9411478709662124, 0.9479172326925687, 0.933887072109059, 0.9356288640849003, 0.8902945162309204, 0.9432057742727039, 0.9394999365019043, 0.9216237928943177, 0.9088552449875816, 0.8219379041256101, 0.9373779947515766, 0.9122104723447704, 0.9041242349075417, 0.9250866135531743, 0.8362476180241977, 0.9080465686063004, 0.9408262631683364, 0.9016881657251958, 0.9213539466090775, 0.9191967320103124, 0.9070093959230711, 0.9266801722576989, 0.8762163733064154, 0.8535121953081434, 0.9292381784961646, 0.9308370960117355, 0.9071746601611952, 0.9343772536852148, 0.9201466142008401, 0.8632433437502471, 0.8849477418153859, 0.8566513914285582, 0.8588910279177995, 0.8603891346533605, 0.8561282065504466, 0.8035402784796002, 0.8413460058366158, 0.8781596194516836, 0.932825946623021, 0.9120393131708796, 0.9207796250116307, 0.8992381307172794, 0.9040827018080458, 0.8711810342327644, 0.8916237323104682, 0.7415973603181669, 0.8583932344734344, 0.8940454998992187, 0.8448774036102839, 0.8362990499124201, 0.8200055023518614, 0.8710088252591927, 0.8501735675522566, 0.851959668059045, 0.8404329778995715, 0.8676246582652256, 0.8738763648797444, 0.8901640253633789, 0.8829910647411388, 0.8713298349458656, 0.92143080049431, 0.9102354748644922, 0.9062815121986469, 0.8700575672560684, 0.860126321592575, 0.8980991851665943, 0.8678923623911529, 0.9164279712810024, 0.8868136794309589, 0.88575276747881, 0.8171224170523771, 0.8800175731851906, 0.8495395134178838, 0.907409858809211, 0.8532433548762908, 0.8796743726798497, 0.8815183564889071], "mediaSimilaritaPunti": 0.9079301262439973, "2percentOutliers": [146, 59, 69, 136]}
