{
    "user_modeling": {
        "max": [
            0,
            3,
            4,
            1,
            2
        ],
        "min": [
            0,
            4,
            2,
            3,
            1
        ],
        "max_value": 0.1778012216091156,
        "min_value": 0.1277722418308258
    },
    "seeds_dataset": {
        "max": [
            0,
            2,
            6,
            3,
            4,
            5,
            1
        ],
        "min": [
            0,
            4,
            2,
            5,
            6,
            3,
            1
        ],
        "max_value": 0.2845057249069214,
        "min_value": 0.09795957803726196
    },
    "shuttle": {
        "max": [
            0,
            4,
            1,
            5,
            7,
            3,
            6,
            2
        ],
        "min": [
            0, 2, 6, 7, 4, 1, 5, 3

        ],
        "max_value": 0.4534088969230652,
        "min_value": 0.013482674024999142
    },
    "BreastTissue": {
        "max": [
            0,
            4,
            1,
            8,
            6,
            7,
            5,
            2,
            3
        ],
        "min": [
            0,
            8,
            2,
            1,
            5,
            6,
            4,
            3,
            7
        ],
        "max_value": 0.408785879611969,
        "min_value": 0.073401540517807
    },
    "Live": {
        "max": [
            0,
            7,
            5,
            4,
            1,
            3,
            6,
            8,
            2
        ],
        "min": [
            0,
            4,
            2,
            1,
            8,
            6,
            5,
            7,
            3
        ],
        "max_value": 0.3917310833930969,
        "min_value": 0.03443586081266403
    },
    "dataR2": {
        "max": [
            0,
            5,
            8,
            4,
            6,
            1,
            2,
            7,
            3
        ],
        "min": [
            0,
            2,
            6,
            3,
            4,
            7,
            5,
            8,
            1
        ],
        "max_value": 0.3452729880809784,
        "min_value": 0.11167928576469421
    },
    "elnino": {
        "max": [
            0,
            5,
            7,
            6,
            3,
            1,
            8,
            4,
            2
        ],
        "min": [
            0,
            7,
            8,
            2,
            6,
            5,
            4,
            1,
            3
        ],
        "max_value": 0.3628164231777191,
        "min_value": 0.1679300218820572
    },
    "glass": {
        "max": [
            0,
            4,
            8,
            7,
            2,
            6,
            3,
            5,
            1
        ],
        "min": [
            0,
            8,
            7,
            5,
            3,
            1,
            4,
            2,
            6
        ],
        "max_value": 0.3914099931716919,
        "min_value": 0.08089157938957214
    },
    "CASP": {
        "max": [
            0,
            7,
            6,
            1,
            9,
            2,
            8,
            5,
            3,
            4
        ],
        "min": [
            0,
            3,
            9,
            4,
            6,
            5,
            1,
            8,
            7,
            2
        ],
        "max_value": 0.34776920080184937,
        "min_value": 0.11528661102056503
    },
    "cloud": {
        "max": [
            0,
            8,
            3,
            9,
            2,
            1,
            5,
            7,
            6,
            4
        ],
        "min": [
            0,
            5,
            4,
            7,
            9,
            8,
            6,
            1,
            3,
            2
        ],
        "max_value": 0.4415993094444275,
        "min_value": 0.06405751407146454
    },
    "slump_test": {
        "max": [
            0,
            2,
            7,
            4,
            3,
            9,
            5,
            8,
            6,
            1
        ],
        "min": [
            0,
            6,
            1,
            4,
            9,
            5,
            2,
            7,
            8,
            3
        ],
        "max_value": 0.3893304169178009,
        "min_value": 0.17112234234809875
    },
    "tripadvisor_review": {
        "max": [
            0,
            8,
            2,
            5,
            9,
            3,
            6,
            4,
            1,
            7
        ],
        "min": [
            0,
            8,
            1,
            9,
            7,
            5,
            6,
            4,
            2,
            3
        ],
        "max_value": 0.3796311914920807,
        "min_value": 0.1296086311340332
    },
    "forestfires": {
        "max": [
            0,
            10,
            6,
            7,
            8,
            4,
            1,
            5,
            9,
            2,
            3
        ],
        "min": [
            0,
            8,
            7,
            1,
            9,
            10,
            5,
            3,
            6,
            4,
            2
        ],
        "max_value": 0.4233453571796417,
        "min_value": 0.07582402974367142
    },
    "page-blocks": {
        "max": [
            0,
            4,
            1,
            9,
            6,
            10,
            7,
            5,
            2,
            8,
            3
        ],
        "min": [
            0,
            10,
            6,
            7,
            2,
            8,
            3,
            9,
            1,
            5,
            4
        ],
        "max_value": 0.34291213750839233,
        "min_value": 0.023791683837771416
    },
    "winequality-red": {
        "max": [
            0,
            8,
            5,
            2,
            1,
            3,
            9,
            7,
            10,
            6,
            4
        ],
        "min": [
            0,
            9,
            3,
            4,
            6,
            5,
            1,
            10,
            8,
            7,
            2
        ],
        "max_value": 0.4215824007987976,
        "min_value": 0.10058706253767014
    },
    "winequality-white": {
        "max": [
            0,
            5,
            9,
            7,
            10,
            6,
            4,
            3,
            2,
            8,
            1
        ],
        "min": [
            0,
            9,
            10,
            8,
            6,
            2,
            5,
            7,
            3,
            4,
            1
        ],
        "max_value": 0.3968294560909271,
        "min_value": 0.09438952803611755
    },
    "CSM": {
        "max": [
            0,
            11,
            7,
            2,
            6,
            8,
            5,
            4,
            1,
            10,
            9,
            3
        ],
        "min": [
            0,
            6,
            1,
            7,
            11,
            9,
            8,
            10,
            5,
            2,
            3,
            4
        ],
        "max_value": 0.39618101716041565,
        "min_value": 0.05842207372188568
    },
    "breast-cancer-wisconsin": {
        "max": [
            0,
            1,
            8,
            5,
            6,
            2,
            4,
            3,
            7
        ],
        "min": [
            0,
            5,
            2,
            1,
            7,
            8,
            3,
            4,
            6
        ],
        "max_value": 0.2568277839776193,
        "min_value": 0.13116813925496018
    },