{"puntoRappresentativo": [0.22520851934941033, 0.18736401245592293, 0.11313668823380475, 0.048790282245803, 0.030640939829894572, 0.0997105210630029, 0.11121151679874615, 0.05958432004294127, 0.12435319998047407], "listaNomiAttDominanti": ["Age", "BMI", "MCP-1", "Glucose", "Adiponectin", "Leptin", "Resistin", "Insulin", "HOMA"], "listaIndiciAttDominanti": [0, 1, 8, 2, 6, 5, 7, 3, 4], "listaSimilaritaPunti": [0.9481616072512534, 0.8103250545570391, 0.8959694078173078, 0.8500041680351292, 0.8231445269804094, 0.9277887452672583, 0.8182721526546487, 0.8846072304038018, 0.8348467134048214, 0.901348015665538, 0.86693279422893, 0.6480510906681153, 0.6415443482293703, 0.4772055942387876, 0.8319259025129315, 0.768357129230852, 0.6621474288740098, 0.9538903281260284, 0.9080240822888043, 0.7891451102710947, 0.903008766424029, 0.8466340489307919, 0.7847777881104994, 0.8634756878135641, 0.8979774936615713, 0.8503132009365411, 0.882898200751528, 0.9585878590386072, 0.8253814752805864, 0.8068185420242285, 0.9211028738649764, 0.9322955044142455, 0.7132761178293437, 0.8681589763832186, 0.9450394542419533, 0.925271932804011, 0.926448908174401, 0.7923339251722908, 0.9448809536392095, 0.9344121130605205, 0.958088561200998, 0.9575783009040726, 0.9266700674622863, 0.9455171107712598, 0.9140746005277808, 0.9536135706721806, 0.841671943433941, 0.8332792528603297, 0.930785916206359, 0.8842959209304697, 0.8580687006982897, 0.9369686569741789, 0.824424850164886, 0.8474192111021892, 0.8978911518844948, 0.7860736850349032, 0.9353820604321194, 0.8964518378541629, 0.81768883183407, 0.9269242481624976, 0.9148927553293049, 0.9008610806237307, 0.8283489637835147, 0.9423134909199372, 0.9376740264774329, 0.9071872782647776, 0.9286471090287407, 0.9152820416134596, 0.8455907164436448, 0.7474604411710417, 0.8129851825760344, 0.5987383850084704, 0.8180352739521463, 0.9035668334024521, 0.6945070030098326, 0.9116836308029426, 0.9532489876436002, 0.8979357138897068, 0.8225362791091014, 0.8749843619650512, 0.9283946977775359, 0.9700202691140444, 0.8950301571400539, 0.9131990143347938, 0.7914876530169325, 0.8745740152099484, 0.7970183727103823, 0.7996278100830019, 0.7817769814418618, 0.9475846360901975, 0.759100964187906, 0.9776934472456953, 0.8887306788211848, 0.8988486482159395, 0.8970821876277032, 0.9054558809906448, 0.9328350305028069, 0.8906612799651606, 0.8536465806843, 0.9543498529803451, 0.9651230995865899, 0.9587183290221093, 0.9433791561719077, 0.9211116322805823, 0.9182005357899619, 0.9369697555053051, 0.9465594703942429, 0.8879335384432547, 0.9198166656758157, 0.9119811321067774, 0.8156415182228095, 0.8676782079419729, 0.9262943809224553, 0.9189315898035025, 0.8405280867473899, 0.8447346605403016], "mediaSimilaritaPunti": 0.870472872454173, "2percentOutliers": [13, 71, 12]}
