{"puntoRappresentativo": [0.11506766475610018, 0.14742286199889218, 0.21545342676006313, 0.1307048551541861, 0.18647454716095738, 0.029088737980018004, 0.1203164764596351, 0.019005879105445822, 0.036465550624702144], "listaNomiAttDominanti": ["Mg", "Si", "Na", "Al", "Ca", "RI", "Fe", "K", "Ba"], "listaIndiciAttDominanti": [2, 4, 1, 3, 6, 0, 8, 5, 7], "listaSimilaritaPunti": [0.932122197533054, 0.975166925817093, 0.9733076846329829, 0.9721022021437307, 0.9733598125620064, 0.9230125840137358, 0.9720908885480143, 0.9679265107405469, 0.9717194912642328, 0.9770189990389304, 0.9307261179245047, 0.9714844302430485, 0.9320836821262249, 0.9611258767305019, 0.9696468530019818, 0.9718127197969455, 0.9675049816655803, 0.9259934088433965, 0.9662630694448051, 0.9820893554381006, 0.9572641260591561, 0.9060887552634913, 0.9720830878287099, 0.9750755845189826, 0.9761665133344735, 0.9751090987944281, 0.9811777349385999, 0.9759605154754197, 0.9727944009870573, 0.9790433615047344, 0.967985397017401, 0.9710133659791012, 0.9462152752507401, 0.9762181012215789, 0.9750503746518306, 0.973170921108002, 0.969433492782694, 0.9771928409067048, 0.9157026241062384, 0.9157026241062384, 0.9724136807828793, 0.9732437993279671, 0.9833119982927652, 0.9320478773242711, 0.9072342087261318, 0.9743210247560381, 0.9712454485126587, 0.9094654165473628, 0.9392472221902194, 0.977783585222273, 0.9097592192573375, 0.982502314408027, 0.9903365321090803, 0.991289781733138, 0.9930799788562376, 0.929437015294228, 0.8662394244412174, 0.9772760611275076, 0.9700175144851891, 0.9739508301829839, 0.9745935268946319, 0.9543288870209965, 0.9432950353113096, 0.9200665071446876, 0.9551916169810576, 0.9632823896196112, 0.9415819217132013, 0.9436627061385718, 0.947277806418166, 0.945268540785611, 0.9397215174737578, 0.8896493064981261, 0.9687150083000678, 0.9735193773552377, 0.9692815233258688, 0.9690898565666958, 0.9706718785223143, 0.9711277648794533, 0.9667565864719329, 0.9642257314072059, 0.9576108914995655, 0.9724741136207913, 0.9728041437136182, 0.9751293023575521, 0.938967815053205, 0.9748056833032162, 0.9718563493865048, 0.9782031141652556, 0.9733032676305251, 0.96770351062291, 0.9338525364005391, 0.973395038089531, 0.9567226291397246, 0.9775899634618973, 0.9723372464078022, 0.9806374179489866, 0.9598007448009833, 0.9237301447763695, 0.9789288246363649, 0.9907016197633853, 0.9474989971421622, 0.9789792581690551, 0.9323231453143271, 0.8456747213803578, 0.92330383629868, 0.6648681009420802, 0.4587157335205827, 0.5550877995300585, 0.7919190212156018, 0.7577794414724136, 0.6642922572061186, 0.6467736540187209, 0.6700464027323544, 0.9668334701845777, 0.96119601892686, 0.9676903872143963, 0.9689369537755446, 0.9629025874537434, 0.9128063224856361, 0.9722588843804203, 0.9712219056638725, 0.9481123535049181, 0.9768299148580708, 0.9764305902490966, 0.9699032432295546, 0.9746214088152971, 0.9713330882208321, 0.9577804105702696, 0.9585861436948243, 0.9044988546260435, 0.8993034734674538, 0.7196526692716929, 0.9617113403915399, 0.9509672017022518, 0.9693688294395374, 0.912899758797974, 0.9650823823327201, 0.9727598149771358, 0.9691213359851871, 0.9714196391187756, 0.9756732579807417, 0.9602708416522412, 0.9320288800286555, 0.9750954171852017, 0.9380910803156212, 0.8805086154714897, 0.9721362318966222, 0.9742791522934855, 0.9782292061035269, 0.9593360749586166, 0.9625397649309786, 0.9284167430760898, 0.9518735473884377, 0.9755433723274641, 0.9727673630733739, 0.9768896338043429, 0.9801275039043066, 0.9273300368833445, 0.9777145310965225, 0.9791464214626533, 0.9816595342395277, 0.9259294772438381, 0.8439196073882682, 0.6635264928486546, 0.9619612894754346, 0.91514040730697, 0.882488135259326, 0.7979890954103787, 0.8000547739005931, 0.8112831076880954, 0.7800281184379416, 0.4524046332262479, 0.46388426400121574, 0.7802365518222901, 0.7412339525409996, 0.7914087067985379, 0.9832759798665165, 0.9829649077259146, 0.9746732403193867, 0.9803299236053401, 0.8972228267358096, 0.8837567337656457, 0.8087054029994388, 0.7682081091798986, 0.6355952988905411, 0.8537662326652236, 0.8376948429752795, 0.97076868785521, 0.8700547754248752, 0.7758432337131638, 0.9460347003564926, 0.7922789099121719, 0.78708854816405, 0.7518292088601594, 0.7553778059618603, 0.7831369642726443, 0.7791947127269072, 0.7958977420312519, 0.7744984032067866, 0.7832498034293567, 0.7803653901336514, 0.7053229813714926, 0.7818379768766821, 0.7327484509003891, 0.78902694823521, 0.7484419023655229, 0.7588809127518471, 0.6053561821263287, 0.7773678979376616, 0.747311651777761, 0.7434026439855488, 0.7570526864821487, 0.7501305897865598, 0.7439827859171277], "mediaSimilaritaPunti": 0.9056840370912359, "2percentOutliers": [171, 106, 172, 107, 207]}
