{"puntoRappresentativo": [0.172580954870989, 0.17902636957302165, 0.21919455628282508, 0.20321153286229954, 0.22598658641086494], "listaNomiAttDominanti": ["PEG", "STR", "LPR", "SCG", "STG"], "listaIndiciAttDominanti": [4, 2, 3, 1, 0], "listaSimilaritaPunti": [0.6960108139869607, 0.8026714046249273, 0.8038851215825358, 0.6538938262882183, 0.8260273261076096, 0.8972649192601087, 0.7662537863090778, 0.8728479554048492, 0.7480371191185334, 0.8952793412727836, 0.8756261710365205, 0.8573604555816641, 0.804741182674705, 0.9227373205429972, 0.8720464987060574, 0.5869328851025788, 0.8457285492232132, 0.8723938161908641, 0.9457184054822968, 0.8074071234607748, 0.8857370114093552, 0.9022786286084598, 0.9755614992083496, 0.8530442587699263, 0.8615783138290795, 0.827177999446709, 0.9109553077934013, 0.9056980589919151, 0.8787473698972504, 0.9075093576405439, 0.8945619752844062, 0.8443743299942669, 0.7589082509143559, 0.9006811798625254, 0.8683832329500071, 0.8511510019329352, 0.9005280169965918, 0.8113692813679857, 0.9769814457144435, 0.7864420999512917, 0.9141562551608002, 0.9389166514221279, 0.9251904677492097, 0.8044539376773185, 0.8833642043120143, 0.9177132931106818, 0.9201010518723511, 0.9435205073187763, 0.7477791647423695, 0.7919131135540282, 0.8826660349899519, 0.7078549161885572, 0.8523010455355454, 0.8940075344282986, 0.8797688844955065, 0.8808580554370056, 0.8888214272162016, 0.9322148121982773, 0.842084990912606, 0.7939392045789326, 0.8565294418136069, 0.8935143396048859, 0.9085948902098178, 0.9217651867365169, 0.8009283182777712, 0.8924350720259442, 0.8820535463064593, 0.9203399105398986, 0.8093581924193187, 0.9337494409500914, 0.9134426212281752, 0.8345813490221203, 0.9661779193224869, 0.915998484174478, 0.9012079964226818, 0.8096827071626722, 0.8227693713243056, 0.844460194484451, 0.8924133429182373, 0.8740701996497029, 0.8733500576117001, 0.9495578061232766, 0.9243092729071557, 0.7915034999363922, 0.8708023465767559, 0.9235428222951564, 0.9868431829234536, 0.8870948656573594, 0.9008294557592228, 0.9553236925503855, 0.9381990219012983, 0.8815208649969837, 0.8808849883575577, 0.9299211057828265, 0.8725800244916222, 0.8900798969497095, 0.9072034098851166, 0.9549927392473675, 0.9044729081428318, 0.9385515494990022, 0.901967845370975, 0.9706097721688562, 0.9736346811906492, 0.8434937347739797, 0.9486101961868042, 0.9580880681132992, 0.9743269095101639, 0.9255864829698939, 0.9367115771803611, 0.8985322246897679, 0.9017412391683692, 0.9520388255524724, 0.8370065869589483, 0.9310246830894835, 0.9002095793935889, 0.8256202305464168, 0.9273435951505701, 0.8824387235023459, 0.9397501303937013, 0.8715667573173034, 0.875100523400328, 0.8978715618718363, 0.9022947105126602, 0.9341356184504136, 0.9464599609185502, 0.9117860821000242, 0.8733643496060098, 0.8797995120875678, 0.9235330325081325, 0.7002972342045446, 0.9065620207907501, 0.7606156325347138, 0.9072898118738852, 0.8714511946761299, 0.9638435337780772, 0.9386742329613966, 0.7861558062946682, 0.9007636583570419, 0.888378104499018, 0.8401025301653674, 0.9324144258637324, 0.8835832507856286, 0.8646943220002556, 0.9448681050637133, 0.9475759811328389, 0.9557597480302825, 0.909542330376823, 0.8156470754888143, 0.9032764727337785, 0.8733573900345443, 0.9931756633385934, 0.9320937723279547, 0.8770010788193369, 0.9134882088737669, 0.9854396685943111, 0.980754184795124, 0.96942238007989, 0.9264212560253524, 0.955218659052063, 0.9027797489972029, 0.9208890907404801, 0.8003294241124305, 0.8969826984127681, 0.8427223410264362, 0.843018979197784, 0.946805452046545, 0.9716885575988109, 0.916560368504498, 0.8936368162073386, 0.8609275710514902, 0.9824803599537111, 0.9730142086252099, 0.9162478911477857, 0.9098079820984063, 0.930932901472231, 0.9165088862184462, 0.9793487986599847, 0.890172400285431, 0.8533818828108852, 0.8081131353022208, 0.8947211873960196, 0.8989743747349692, 0.9433851994772596, 0.902112265733516, 0.8946095500940529, 0.8721239915894559, 0.9528012067712289, 0.9482475432163101, 0.9366344860734404, 0.9207470969030928, 0.9519891012589374, 0.9652916693624671, 0.983987726470675, 0.8221017370545266, 0.8839205783267269, 0.7952896318895711, 0.7904031434942106, 0.8603458188817986, 0.8351834671140841, 0.8445410647880178, 0.9067445126581075, 0.7842672300893173, 0.8450630304542145, 0.9597752074711665, 0.8578294364955356, 0.8658511617121071, 0.8694412193801061, 0.8678910447220253, 0.9195053552457932, 0.8026228598563014, 0.8131968696000081, 0.8779818267623599, 0.8116135717603685, 0.9226372654995092, 0.9329332939623031, 0.9558932226606002, 0.9330833263479463, 0.9314779483877025, 0.9347051628490719, 0.9331239170929605, 0.9165325271920872, 0.9079064017130462, 0.9418407147349469, 0.9252453217466361, 0.9721163254534199, 0.8581766976362433, 0.8398979160203547, 0.889949307649156, 0.8603775334813919, 0.8796876677140241, 0.9268678599714476, 0.9461392457954508, 0.9618659842959272, 0.9266433256279999, 0.9440161453152668, 0.9493205610185822, 0.9631506708114168, 0.9160227291362897, 0.9561991444196911, 0.9340769124939816, 0.9908876840817483, 0.8580440779905973, 0.7450055373413065, 0.8891066768629903, 0.9287782010452214, 0.887689152376004, 0.9036371585611638, 0.9665948399963518, 0.9575807542130663, 0.9110040836462504, 0.9641162008017644, 0.9351174720769767, 0.9779004575358734, 0.9296766141800211, 0.9456887721834495, 0.930900179308843, 0.9852258323233876], "mediaSimilaritaPunti": 0.891543555037769, "2percentOutliers": [15, 3, 0, 129, 51, 242]}
