{"puntoRappresentativo": [0.22097728939019773, 0.16130465272724007, 0.23419235385185055, 0.18453646731372264, 0.19898923671698895], "listaNomiAttDominanti": ["aac", "mcg", "alm2", "alm1", "gvh"], "listaIndiciAttDominanti": [2, 0, 4, 3, 1], "listaSimilaritaPunti": [0.9469036397529587, 0.9004967329397044, 0.9876596160732114, 0.9877463010698015, 0.9384037057616842, 0.96020508081817, 0.9638973442501413, 0.951629291623593, 0.9520763137255219, 0.9478562348297286, 0.9401300937405237, 0.9473804127699152, 0.9735998227632509, 0.9854189377687566, 0.934218279865672, 0.9719571281508722, 0.9873000330414923, 0.9648077344419386, 0.9818951848734722, 0.9578503552455867, 0.8771531135028178, 0.7675608771492186, 0.9870714244598692, 0.8302404067767988, 0.9613591750697319, 0.976635137552785, 0.9783786041285935, 0.9591626536139153, 0.9875209586648468, 0.9911212341768909, 0.9724319397614374, 0.9885124339040483, 0.9787443126393135, 0.9802242481159381, 0.9848659469075953, 0.9892203709645799, 0.9784801016888596, 0.969287776988729, 0.9943625493561996, 0.9700406468863089, 0.985161747019911, 0.9699224569956758, 0.9967472061505861, 0.978832604037613, 0.9816701011959127, 0.9494025457902165, 0.9791568935080516, 0.9909218798288925, 0.9240476202055888, 0.9707816377938336, 0.9922967639492761, 0.8600539547184669, 0.9684660026127211, 0.9451611139715198, 0.9201798936266063, 0.9676478876224471, 0.9818979531584618, 0.9904592975120758, 0.9795684681226818, 0.9866998144874867, 0.9954826402716689, 0.9756875804164445, 0.9884283021130957, 0.9414292618476701, 0.9715034232350729, 0.9602391458652586, 0.9830560088443699, 0.9914870191086228, 0.9791446409969047, 0.9882293882458524, 0.9741280782718243, 0.9807994710837943, 0.9941346384882185, 0.9633876119621306, 0.9835541476509083, 0.9690959832740259, 0.9794395982230577, 0.9970680908793456, 0.9689923497200793, 0.9852442142377511, 0.9769623589423703, 0.9946371337779225, 0.9774448113230036, 0.9720989126562042, 0.9861096620178884, 0.9931307392590725, 0.9989085499964375, 0.9881235781974389, 0.9503323575315092, 0.9259305956540042, 0.9886983498851823, 0.9869174279048869, 0.9657791506793846, 0.9802327305668688, 0.9824099039226123, 0.9476088031070546, 0.9893642380310051, 0.9615387914936524, 0.9462005338185419, 0.9828177976171106, 0.9548191633884321, 0.9482768651437755, 0.9157897434448201, 0.9481962679556104, 0.9816683740607192, 0.9780822915782995, 0.9960240046678364, 0.9720749978530275, 0.9875144353133111, 0.921465586669857, 0.8562832723089535, 0.9755220714742853, 0.9798974913370134, 0.9805687170209483, 0.9743520962209096, 0.9515672456312967, 0.9960052169819276, 0.9309119232887437, 0.9702761208698598, 0.959804479073292, 0.9630662601595089, 0.9608132116176434, 0.9421105138324579, 0.8843017031447035, 0.974083865576448, 0.9909204462922314, 0.9692203596572501, 0.9974547990712537, 0.9718454349011398, 0.9966452115632087, 0.8574332099997962, 0.985628787748716, 0.9681426287651942, 0.9100768048023555, 0.9489174469127339, 0.9862859428488936, 0.9683410792721705, 0.9884659687019958, 0.963932435354114, 0.9728043373726525, 0.9789920818587474, 0.9883209910496285, 0.9330837725745297, 0.8378848754074824, 0.9943946853240409, 0.9690767897843313, 0.9134832127913521, 0.9466354775367847, 0.9614870808221498, 0.9551654979001848, 0.9170142425200821, 0.9766095708034659, 0.9572185882398861, 0.9762650135860361, 0.9137295888639188, 0.9614019407632861, 0.9485591227013441, 0.9666677212424465, 0.9704259537588775, 0.9430312646087884, 0.9415631123011565, 0.9214131238004192, 0.9823562230499719, 0.9831279112564888, 0.920578335891584, 0.9804723651234835, 0.9771819711424867, 0.973790868870608, 0.9762092723350896, 0.9615086183434185, 0.9383763855000828, 0.9654499411183405, 0.9163354845197074, 0.9666058612580741, 0.9831727215175212, 0.9773143074002184, 0.9957841966701442, 0.9924953865654019, 0.9705580243951922, 0.9429310076513048, 0.9886541152458361, 0.9651271537203066, 0.9794715155064377, 0.9405374465250134, 0.9972471692229937, 0.9166126344249936, 0.9754545494710749, 0.9810507167252475, 0.9018245290580896, 0.9924965539200996, 0.9506651723943125, 0.998311758772124, 0.9662747474592345, 0.9538895830386498, 0.9518265456467773, 0.9803090165119492, 0.9840804915711555, 0.9937734003701016, 0.9607171569554076, 0.9379363687167082, 0.9908127748499745, 0.9645856132755587, 0.9586451304307334, 0.9670345919825177, 0.9332486943468129, 0.964837925472627, 0.9747893879740092, 0.9051717817446641, 0.9054957139868409, 0.992309351710592, 0.9724316383507984, 0.9837332268212979, 0.9231280970474723, 0.8934053664206745, 0.836647748425337, 0.8617380253961837, 0.962920959126216, 0.8078566763110615, 0.9922770624135202, 0.9685302879355456, 0.9568258918564941, 0.9807189144613311, 0.9487044217486118, 0.9605819591659095, 0.9806575295641051, 0.976104238135242, 0.9847106868736721, 0.9808899646206009, 0.9513974325116338, 0.9604805727699204, 0.9762827312593423, 0.9585195181838898, 0.9772607658011468, 0.9856479168457826, 0.975508328083963, 0.9832551397471784, 0.9775258509424543, 0.9808328356320499, 0.9624697264951876, 0.9907514761735917, 0.9660202872925521, 0.9735413215627727, 0.9607933624477175, 0.9766901013607143, 0.9810141504388125, 0.9759872206696318, 0.9755159871925014, 0.9863446649437667, 0.992694587285987, 0.9822289501026824, 0.9489675822842262, 0.9849832799765535, 0.9654252064288337, 0.9863846809644369, 0.9915975780241785, 0.9856599487411102, 0.9828376921352827, 0.866197126831686, 0.9672253394480763, 0.9460790734326158, 0.9581943575762643, 0.9361384059522883, 0.9467595416409877, 0.9633310531477627, 0.9351783655886164, 0.9512806491767457, 0.9589879898715122, 0.9363671403084288, 0.9282945862515612, 0.9452331447815887, 0.9689568700359296, 0.9778070596215478, 0.950025350762272, 0.9490166621241929, 0.9861297971080373, 0.9383525108767141, 0.954972536408196, 0.967223171488981, 0.959453216098448, 0.8637592079950418, 0.9814620605837353, 0.9639389504891179, 0.9438241175565126, 0.9679034610950925, 0.96225096218831, 0.9859544369445488, 0.9128208377490258, 0.9550676716409465, 0.9892281070844892, 0.8450590222052181, 0.9589763524156719, 0.9344613222048971, 0.971961311342566, 0.9086450873484879, 0.9733949336045601, 0.957916261320518, 0.9343207828876879, 0.8813806974041096, 0.9313726826946418, 0.9561607287794308, 0.9753040072210734, 0.9809159496948461, 0.9445318773967086, 0.9541748075099915, 0.9255540449666515, 0.8965891971873574, 0.9716358900401616, 0.9262282378714916, 0.9532843394056222, 0.9324938709203406, 0.9756710477801402, 0.9186359636095475, 0.9624364832297868, 0.9121917933293652, 0.9647767843702899, 0.9361213663313608, 0.9313013039141601, 0.9220739511632553, 0.9572498937634907, 0.982517068923028, 0.9620737929886954, 0.9504747109218398, 0.9718967777161011, 0.9470449209489296, 0.9370151649925356, 0.9791953229902843, 0.9396740226611909, 0.9751012198236224, 0.9436707363031743, 0.9825266651077725, 0.9929243971197472, 0.9564025227134213, 0.9569913753339984, 0.9762555206705519, 0.9761577722405775, 0.9453096887312078], "mediaSimilaritaPunti": 0.9597442322557402, "2percentOutliers": [21, 217, 23, 214, 143, 289, 110]}
