{"puntoRappresentativo": [0.11424292510891215, 0.13209394972287386, 0.19939653673604535, 0.12473053704914426, 0.13277154800413765, 0.15568799408615716, 0.1410765092927293], "listaNomiAttDominanti": ["compactness", "asymmetry", "kernel grove", "width", "perimeter", "length", "Area"], "listaIndiciAttDominanti": [2, 5, 6, 4, 1, 3, 0], "listaSimilaritaPunti": [0.9544612276687706, 0.9019707383015738, 0.9136317788059173, 0.9080907080406375, 0.9142191790566686, 0.9394345724455008, 0.9908419894792556, 0.953594433341549, 0.9346632847830175, 0.9453833132768422, 0.9916032631347629, 0.9405027672330446, 0.9506851926340952, 0.9711325975705635, 0.9650733072102655, 0.9433652816211548, 0.9006358902964995, 0.9120075786181611, 0.8480395027344757, 0.967956961750714, 0.983121226072396, 0.9839703210866815, 0.8907563910418991, 0.9025107864953436, 0.9288779673550404, 0.908152904256372, 0.9780018153790199, 0.9810293321317658, 0.9711227648387242, 0.9966116425965528, 0.910817130350018, 0.9761987371780416, 0.9831005486821155, 0.960577849683128, 0.9603114550858545, 0.9551020888438544, 0.9614769715828827, 0.960206892243229, 0.9845830069902757, 0.9557871442580169, 0.9621950003137367, 0.9559730802796842, 0.8802117880700303, 0.9945659744084284, 0.9662262306224182, 0.930737237429435, 0.9240260019474053, 0.9719051638322427, 0.970153708074253, 0.9606584760443329, 0.9923818606303931, 0.9847133569882395, 0.9816704874977263, 0.9880980383858271, 0.9269509926964697, 0.9518763679359324, 0.9611172719922114, 0.898458940930973, 0.9482236856646797, 0.8806733974188342, 0.8322906549448555, 0.7569860240309171, 0.8527793019453885, 0.9924321612576057, 0.892927325935044, 0.8704088584947233, 0.9342221660009296, 0.9690347915155063, 0.9452639565251096, 0.9869667814836962, 0.9510933817249365, 0.9640881047052202, 0.9741580185590772, 0.9495090666500374, 0.9748453753483134, 0.9707882918080094, 0.9453854104489909, 0.9319937179495934, 0.9519762206915275, 0.9618728641455067, 0.9913200629683105, 0.9778618706114954, 0.9604729713851157, 0.8937775006694553, 0.925425314058283, 0.9367135222458172, 0.9222563834541226, 0.9101184725403001, 0.9609212628381982, 0.9606324709828484, 0.8933619587605338, 0.9531355905307469, 0.9501369011422631, 0.9867457963556323, 0.9014223276734652, 0.9514335874353701, 0.939020420239295, 0.8972604766599885, 0.9171349914287568, 0.9229643829798048, 0.9866185414903914, 0.9398293459413578, 0.9633655968065253, 0.9281042129941793, 0.9438858845073241, 0.9380917066166995, 0.9508298487238935, 0.9644106510910226, 0.9157022444743959, 0.9197409423514995, 0.933933196647383, 0.93154576942056, 0.930940550611708, 0.9617471291830526, 0.9418297776166298, 0.9220598980934479, 0.9687818513027379, 0.9419234015520712, 0.9618291673677132, 0.9237484865055304, 0.9640784156360879, 0.9545877814995657, 0.9688468517785485, 0.9577409981672435, 0.9481170380244489, 0.9679950569424145, 0.9474989245029133, 0.9449314690178064, 0.8925251656256857, 0.9875527322743446, 0.9571337729261316, 0.9448003626940381, 0.9848046312133666, 0.9735319488839627, 0.9939171725077404, 0.978487221166411, 0.9591883470509325, 0.9312974189751768, 0.9491506955380188, 0.9800840465174272, 0.9621203232023083, 0.9465624062827259, 0.9665200657088656, 0.9387078745791749, 0.8898362608208151, 0.7280210528757163, 0.9339040551943452, 0.9670778723008714, 0.9849337634112426, 0.680316558329018, 0.9155050691729255, 0.7990373405452095, 0.9152676876893581, 0.8890160406523124, 0.8949940053611269, 0.7670861163515356, 0.913928875888742, 0.7848104164434782, 0.7631105636597822, 0.8131108507523055, 0.9527573217636139, 0.9475750798827808, 0.9223737642517563, 0.9804134142707823, 0.7969228996826571, 0.904842855705779, 0.9507018188988137, 0.958994564920109, 0.843051394521774, 0.8972981276834715, 0.7105213083271007, 0.8171704420472093, 0.8836636133300744, 0.8324283211228439, 0.6803230867400387, 0.8262298803931472, 0.8236659788782549, 0.7733373581372489, 0.8407513025987025, 0.9589434652148657, 0.8551386745540928, 0.9577162331687575, 0.95097580305005, 0.8970969470572583, 0.9483960345521029, 0.8355266803758528, 0.8246051576429851, 0.8290580251006056, 0.7767404483727881, 0.7482554086789648, 0.7857834396240082, 0.9009309649183606, 0.9229427536844346, 0.7542746795194694, 0.9629976168455922, 0.9340134597568625, 0.94025585238853, 0.9736416973868914, 0.988645966709326, 0.8855404722807072, 0.939047718584732, 0.8415149318766304, 0.8447215688131584, 0.8681812227785882, 0.9776631571061349, 0.9246692025672536, 0.89646549273405, 0.9004142258373435, 0.9620695303240526, 0.9325499905033167], "mediaSimilaritaPunti": 0.9230591483479468, "2percentOutliers": [149, 174, 170, 145, 189]}
