{"puntoRappresentativo": [0.11430593054892851, 0.22820090268192295, 0.23938408859410004, 0.072161917291553, 0.012805160481080368, 0.06570834256178922, 0.06832681631978128, 0.08887750814960953, 0.11022933337123511], "listaNomiAttDominanti": ["HFS", "PA500", "I0", "P", "DR", "DA", "Max IP", "A-DA", "Area"], "listaIndiciAttDominanti": [2, 1, 0, 8, 7, 3, 6, 5, 4], "listaSimilaritaPunti": [0.9114969982785885, 0.9503128201816514, 0.9105463153161807, 0.9568878962577, 0.9618078641925647, 0.9802807269129588, 0.9423144165671066, 0.9515846258276186, 0.9761709791764853, 0.97453119436753, 0.9526483783524234, 0.9027796706972325, 0.9079892532915788, 0.9494928872443178, 0.9533831074263746, 0.9142967401777509, 0.8642197833761602, 0.9506095239863849, 0.9571107066958426, 0.9153706049547621, 0.980327063053085, 0.8695722166160945, 0.7296098378480835, 0.901194770887283, 0.9798676005319285, 0.8923147358495371, 0.9841240668575189, 0.9620163802877263, 0.8053072623572537, 0.9692966382160136, 0.958281227122406, 0.9921278307782004, 0.8863718652671043, 0.9679022422738356, 0.8829053941169024, 0.8587198910042513, 0.8951546809874523, 0.8918328533157884, 0.9478712145847437, 0.9510895900617266, 0.9494996884219252, 0.8988094576140451, 0.9711225917545669, 0.9439973901171, 0.8772487835354266, 0.8408560155956748, 0.9089304078436121, 0.9430421805965994, 0.9727349966227288, 0.9235728353659496, 0.9594481948156365, 0.9526106626223163, 0.9235663092126832, 0.9651227452485298, 0.9846597933936929, 0.9194536515274333, 0.8696212786327877, 0.9551412181871446, 0.9325876554440158, 0.9114697182506807, 0.9114697182506807, 0.9292770848572994, 0.902732937422185, 0.897681118129861, 0.9708143943410061, 0.952821171651991, 0.8971803021024017, 0.8743377211898387, 0.861303579327827, 0.8326887180681778, 0.6356719366895411, 0.8198646113317928, 0.786577582679773, 0.9165059612258014, 0.7355292972336673, 0.772286356020341, 0.8569548150931888, 0.8102267680802515, 0.7032979280006721, 0.7500401024000951, 0.8394963272413613, 0.7244621269595708, 0.7470544751398563, 0.6727238303873185, 0.6227144213835736, 0.6680466337410432, 0.7980959597023018, 0.6092461402898444, 0.6500933671635107, 0.6429166553266189, 0.7432211938142507, 0.7912768572169645, 0.8283477234046496, 0.7444388683984435, 0.7964203142951597, 0.8140772663711128, 0.7105312186032301, 0.7351562541056121, 0.7766492930522013, 0.7736450918779441, 0.7570641813312505, 0.7637250313847965, 0.7153924918021473, 0.6311888064758513, 0.6754195636568603, 0.6633089305329628], "mediaSimilaritaPunti": 0.8623131373382595, "2percentOutliers": [87, 84, 103]}
