{"puntoRappresentativo": [0.10455333589035978, 0.10639916384765057, 0.11570720049878198, 0.06898273969540142, 0.0813872314225483, 0.1007607233717515, 0.10843824244412131, 0.14768678726144707, 0.1660845755679381], "listaNomiAttDominanti": ["i", "h", "c", "g", "b", "a", "f", "e", "d"], "listaIndiciAttDominanti": [8, 7, 2, 6, 1, 0, 5, 4, 3], "listaSimilaritaPunti": [0.779648984427892, 0.8324976334296151, 0.8182027243873602, 0.8316235443273814, 0.844554604851982, 0.8527450570069038, 0.8578861371101316, 0.8599172408642803, 0.8674524404406919, 0.8897421931501873, 0.878941261928934, 0.8606792058462456, 0.84241808060942, 0.8775258005917429, 0.8681965240743902, 0.8844532699701959, 0.8988165234488749, 0.9184945729351429, 0.9212460468035916, 0.9250890885046065, 0.9340620183452542, 0.9290548721500784, 0.9182823945437784, 0.9190877676781489, 0.8871721591120809, 0.9043241297503268, 0.8682260751634594, 0.9010766259956411, 0.919501938695077, 0.9271549492921392, 0.926669220960505, 0.9313922888537157, 0.9418462084983912, 0.932966202373309, 0.9099950509455368, 0.9032282913662488, 0.9112692360220781, 0.880215496792517, 0.8630865181472278, 0.8490390427818473, 0.8342713727481064, 0.875394179631547, 0.8986817061941923, 0.8961341125094623, 0.8977676153004908, 0.9016238351959928, 0.9100007207139758, 0.8761399709752281, 0.8545478564857266, 0.8351892934214356, 0.8066277459605722, 0.7922311224582881, 0.7867585924704397, 0.856256716990221, 0.8980975501207655, 0.9273227896228344, 0.9300747876476307, 0.9432099519972053, 0.9291028709066784, 0.9227471090184399, 0.9329417260481234, 0.9350500463821871, 0.8790196035560854, 0.8898461075644857, 0.8888772501642098, 0.8557541960070747, 0.8543722815604924, 0.8619020546817977, 0.8872848236184867, 0.905226324132792, 0.9235696867069846, 0.8837371598505692, 0.8972549046803555, 0.9296045727087637, 0.9293904799141637, 0.9196084987319454, 0.8780970654872232, 0.9019942541324587, 0.8455677642858274, 0.8961291451849557, 0.9085595997392883, 0.9237986751353007, 0.9357071425095266, 0.9330620467705234, 0.9467609573365651, 0.9480646953849344, 0.936129678276294, 0.9396947162067107, 0.9339361676769848, 0.9314756437526137, 0.9274816032559573, 0.9212996340167011, 0.8859884234755743, 0.9111107564277119, 0.9381769991884616, 0.9277654468401892, 0.9170017231079398, 0.9252426804947873, 0.9070134357781072, 0.888449092192406, 0.8744156566113915, 0.8665848551286619, 0.8589748993215719, 0.8273310509332277, 0.81439666071355, 0.843138831678397, 0.841107224818396, 0.8907169120289298, 0.9260078060731943, 0.9086568287115947, 0.899159065182738, 0.8533815454645055, 0.8485245705583423, 0.8317733319346484, 0.7880340000745143, 0.7462860145562136, 0.6946157254673899, 0.6906765473825125, 0.9200574217128398, 0.8939845634923856, 0.8864427394914393, 0.9502802138908554, 0.9733033263809862, 0.9737408685287865, 0.9763986390810929, 0.9565507024153898, 0.9504488284056681, 0.9243683758529049, 0.8859005351323455, 0.8786850044876419, 0.8470752873317899, 0.8808209399343153, 0.9078931482067375, 0.915743526637689, 0.9194678347924583, 0.9469951193669934, 0.9280814508378086, 0.9349202693040589, 0.9493928060498391, 0.9270541438737233, 0.9206944334905798, 0.9185178378345588, 0.9117532017843415, 0.8553493111499458, 0.8972408538182168, 0.9037407924373116, 0.8976363170501885, 0.894940249057535, 0.9267988207418253, 0.9352957018037934, 0.9289125757680563, 0.9239954266994378, 0.9276309716777366, 0.9358986477205553, 0.9296762630215436, 0.9121622788330245, 0.9006463861494285, 0.894284602550548, 0.9145932268446024, 0.8946571045939665, 0.8935917644488103, 0.9067610732709249, 0.9181701433012378, 0.909330352345418, 0.9092284777936658, 0.9311397557199675, 0.9318613036340205, 0.9135265191211166, 0.8613254106294488, 0.8201030728453169, 0.8819494458887087, 0.8734850369934496, 0.8624229936325423, 0.87730783271215, 0.9171681268872953, 0.9483585695360641, 0.9581570225006403, 0.938565699405565, 0.9243047796705566, 0.902697129185579, 0.8959004202271938, 0.8786571461460202, 0.8823828055216592, 0.8985747459066833, 0.9000355924176401, 0.9307597941046074, 0.9563660461421479, 0.9794275390698672, 0.9758847853273183, 0.9642672992470518, 0.9597197044403663, 0.9455419914939163, 0.9288170927977714, 0.9100644238207308, 0.9011021285432681, 0.9030239936608132, 0.915167519639081, 0.918373000774995, 0.909672216965522, 0.9429231743862895, 0.9542888318142584, 0.9509893073427271, 0.8949638685063734, 0.8984733956658251, 0.9031408388703799, 0.8813184294254819, 0.9233135164829851, 0.884249325584181, 0.9124520332079683, 0.9223971626354072, 0.8798709731629334, 0.937988471530766, 0.8883912218828831, 0.9119042378334907, 0.9186132873499554, 0.9150786655307239, 0.9136156849757613, 0.9031035784965932, 0.879774024003996, 0.853900847337202, 0.8925404659364584, 0.9249840966812941, 0.9389100901791271, 0.9635030463140677, 0.9455072809412495, 0.942046384977443, 0.8104475689410258, 0.8495197518583396, 0.8759127617196608, 0.8653454534818343, 0.9127541705817818, 0.9278649856725666, 0.8738958819326532, 0.8716969912036601, 0.8713499979486942, 0.894885385157801, 0.8919666660283557, 0.8837109652100639, 0.8696813549252089, 0.8577091723390926, 0.876933739398996, 0.8941474472730054, 0.9103242395701949, 0.9334625895939633, 0.9388320244357776, 0.9513268262452812, 0.9669693073257611, 0.9635419874085283, 0.9615859965334213, 0.9698841099994437, 0.97148835690485, 0.9668895348959362, 0.9574364417309746, 0.9529967138068636, 0.9403307620903254, 0.9239981338033346, 0.9183214402945052, 0.9289794452836415, 0.936451492702401, 0.953253259332004, 0.9550572630528485, 0.9606765883257149, 0.963076688141028, 0.9641354834777122, 0.9554539807109356, 0.9559189825308155, 0.948215880730305, 0.93460535133124, 0.9132265463654854, 0.904877661736578, 0.8488117333666303, 0.8532463038475592, 0.8718438086711514, 0.8903113547626789, 0.896264998153562, 0.9129953084844288, 0.9118192939714566, 0.9161083241671969, 0.9172575582244742, 0.9096560068507012, 0.9145170521067032, 0.9380854282831026, 0.938436264994021, 0.9214116028398206, 0.8975863131570719, 0.9020325350450172, 0.9272186441746438, 0.9301811085184735, 0.9374429890931426, 0.9493573247680358, 0.9424273219192713, 0.9574677402222025, 0.943882603656114, 0.9415085871937503, 0.946656905878442, 0.9454722863207494, 0.9525226451165844, 0.9430814499363759, 0.9133972185807374, 0.9298138293612344, 0.9477680017117589, 0.9555569369378059, 0.967959638808384, 0.9697719700373392, 0.9707471882409626, 0.9767611885607194, 0.972876105230907, 0.9518929822915765, 0.957561314423003, 0.9435103860203877, 0.9424571359389009, 0.9289616466925074, 0.9105081993870138, 0.9176824480360573, 0.9351815851749565, 0.9420950146444654, 0.9579175406942044, 0.9572430454639009, 0.9438291831588382, 0.9587890967773456, 0.9635468517833017, 0.9666208334440383, 0.9609356576931597, 0.9320656260092189, 0.9302853439063123, 0.9171412639645075, 0.8794016908538642, 0.9004914022391366, 0.9193935165299598, 0.9043539836463161, 0.8999031665301146, 0.9008906947690432, 0.907126114416352, 0.9265979605338899, 0.9394217892657979, 0.9458946964797421, 0.9597754250579247, 0.9676913279779746, 0.9589655112868016, 0.9729626259104843, 0.9695543628374812, 0.9556636452969325, 0.930684040948125, 0.939484645299039, 0.906542054703946, 0.9239113076550719, 0.9255964935864959, 0.9081629700328412, 0.9208042252886913, 0.9465115069144748, 0.9557316678908042, 0.9295296179388437, 0.934149842380637, 0.9194870950113628, 0.9125130509719885, 0.8788333334455685, 0.892315111497826, 0.92165827957432, 0.8579717612618797, 0.9132955440809577, 0.9204065593732944, 0.9227985985846311, 0.9258381572608022, 0.9358465526288479, 0.9438147273243381, 0.9330829065682544, 0.9272972939057614, 0.933468032260659, 0.9366907268670892, 0.9251412287043012, 0.8976510346570045, 0.9221335043826295, 0.8278670257418153, 0.8629477996680421, 0.8734074304687194, 0.8860388747002281, 0.8916567372171316, 0.895648009865799, 0.8874122290070707, 0.8944853023592596, 0.905348630756172, 0.879673454373396, 0.869708635590434, 0.872832878898473, 0.8877496772793215, 