{"puntoRappresentativo": [0.08305546267583011, 0.0925513328346777, 0.12757223071313809, 0.09854638913241386, 0.0627681301600598, 0.11841421817826842, 0.08264900756567294, 0.12979362385158175, 0.10440932330285514, 0.1002402815855023], "listaNomiAttDominanti": ["SLUMP", "Fly ash", "Coarse Aggr", "FLOW", "28-day Compressive Strength", "Water", "Slag", "Cement", "Fine Aggr", "SP"], "listaIndiciAttDominanti": [7, 2, 5, 8, 9, 3, 1, 0, 6, 4], "listaSimilaritaPunti": [0.957987584897347, 0.7844673735099591, 0.7650528574854482, 0.7565803344939178, 0.9166827448625976, 0.9189413499412639, 0.7200583545975281, 0.8159778446013686, 0.8311651028032335, 0.9244093054900274, 0.8640448554672941, 0.8590139988239976, 0.8743995638705658, 0.7965777551037547, 0.7802006966560886, 0.9217022886301564, 0.8428414256680604, 0.9332815349942553, 0.8967790793307625, 0.8688251742981986, 0.884925325046831, 0.8834282405122797, 0.6172472187524356, 0.791741085004394, 0.7782271270977069, 0.9357107467125094, 0.9303861528395703, 0.9311122778148153, 0.9072150071879268, 0.9207707136292675, 0.9117091575966298, 0.8740477939068654, 0.8919706756679492, 0.9206277086171872, 0.8615537644428962, 0.9419229584198427, 0.9507079321818641, 0.7269006157159966, 0.8656132661068571, 0.8876810400690882, 0.7517890200950774, 0.9026245424058104, 0.9218305945484795, 0.8731443517570203, 0.731233181879149, 0.867734911684742, 0.9574721787461568, 0.9623338570698725, 0.6957323849512154, 0.8826290814560838, 0.9252863122840761, 0.840618546118741, 0.773669658125484, 0.9201045483676048, 0.9182354727369532, 0.7897140665028362, 0.8816822017388147, 0.8774859106751534, 0.9007570191677815, 0.8832394684934521, 0.9302803305300432, 0.9052102357750059, 0.8865440403232726, 0.8697386609435398, 0.9491394040364921, 0.8716602758297187, 0.8565991519929749, 0.8930048349500466, 0.7636069392243627, 0.8311414196558196, 0.8181797559443411, 0.8576637359112181, 0.8611163630611545, 0.9259114119767062, 0.9261905434029308, 0.9387252882210821, 0.8743606948868742, 0.9662740171491433, 0.81828928112971, 0.8823882173738496, 0.8632692290884058, 0.8689555414585907, 0.8705105496027129, 0.878364238101196, 0.8808882343862267, 0.8980047351738144, 0.9037569471704824, 0.8866800862305504, 0.8334448790398191, 0.8742044271681908, 0.8984949657384337, 0.8854939846947851, 0.8902247547634621, 0.7317552143043285, 0.7359539617667751, 0.7617465277289067, 0.9460647280289807, 0.8930599804361584, 0.7660971452255786, 0.7846767145065623, 0.777607486414986, 0.9316866745628705, 0.9005910366204529], "mediaSimilaritaPunti": 0.8639549707396486, "2percentOutliers": [22, 48, 6]}
