{"puntoRappresentativo": [0.10768982089643608, 0.07834817465885177, 0.22865285517782347, 0.08602386101919776, 0.14660616218742328, 0.03803934416047113, 0.12843777426944097, 0.08452535424303514, 0.09856940892019317, 0.0005468947481148494, 0.0025603497190124763], "listaNomiAttDominanti": ["FFMC", "DC", "temp", "X", "wind", "DMC", "RH", "Y", "ISI", "area", "rain"], "listaIndiciAttDominanti": [2, 4, 6, 0, 8, 3, 7, 1, 5, 10, 9], "listaSimilaritaPunti": [0.8571177937709827, 0.9318124387284744, 0.9345426908418581, 0.81325300126155, 0.8127676886602384, 0.9533142738387426, 0.9466803256492796, 0.9047720052602128, 0.9558761157516212, 0.9796886340509356, 0.9706780418218027, 0.9683095021441317, 0.9175898366456816, 0.9778922618669955, 0.9704612761896978, 0.9898571105689501, 0.9034640884584554, 0.945613128836796, 0.9062622808876789, 0.8952178710494801, 0.9802936735357615, 0.9802576754536788, 0.8501227759647442, 0.9786038898765729, 0.9721185831128438, 0.9768777578863266, 0.9763032986531627, 0.9592637417585722, 0.9478720254330563, 0.9760613755493559, 0.9608062222214355, 0.9285383624356047, 0.9565519682018185, 0.973223084073189, 0.9648799183628426, 0.9714885370776032, 0.9546320256599484, 0.9493481765837605, 0.9492825760948165, 0.9137816575396768, 0.9742991925480937, 0.979806804598113, 0.9858768538353454, 0.9839011076169049, 0.9565507109991186, 0.9667494220187367, 0.9677412345595391, 0.9679217583527787, 0.8984402172545418, 0.9133846138783432, 0.9430697522191194, 0.9726878080320684, 0.985490279884229, 0.985490279884229, 0.98457403836239, 0.9471998357588742, 0.9698882139580319, 0.9625773478098849, 0.832385590224049, 0.8143893146983715, 0.8659103302891666, 0.8178778319380791, 0.9456457117001661, 0.9385001380418428, 0.9359487108525115, 0.9474396761733239, 0.9433129136086763, 0.9397216874923521, 0.9338198268528866, 0.9083047227409378, 0.8841742426035736, 0.9829793099969957, 0.8927048170551374, 0.9916536308432344, 0.9532416489000961, 0.7420330215743647, 0.7879295960953847, 0.8223832457075894, 0.9061144972156566, 0.8934958624002554, 0.9170170707974611, 0.9165710345407195, 0.9250417165226044, 0.8955650833748121, 0.9253457166341781, 0.8635309823626192, 0.8961925414485523, 0.9062594855149995, 0.913245487646497, 0.9006432975705125, 0.9791595007287327, 0.8666797546035885, 0.9525736596302194, 0.9675197607642044, 0.9425482009647034, 0.9566076560925376, 0.8713206546484392, 0.8416776813367977, 0.93228998369346, 0.9812791112523943, 0.9812791112523943, 0.9649389576671634, 0.9680874880327764, 0.9589000442246163, 0.7597592984442443, 0.8775809708847996, 0.909354717148075, 0.984506025851131, 0.9857262112617782, 0.9816774349049939, 0.8923302619304477, 0.8921320897155863, 0.9752926274622804, 0.9694594341205324, 0.8551332558601102, 0.8750130905456108, 0.8821204482333873, 0.9052090264132965, 0.90862673206677, 0.9855955470720031, 0.934987706073384, 0.9804551891960337, 0.9803870331103393, 0.9758469056190882, 0.9780548526951811, 0.9572402332965292, 0.9000321940191036, 0.9723691867274288, 0.9673531122675127, 0.9228820097378021, 0.8810438598673945, 0.889766895493123, 0.9026732856781735, 0.9724744220580802, 0.9015879243141663, 0.9739252336526489, 0.9493296953902205, 0.9584802973311568, 0.8544143086067187, 0.9335423914159765, 0.9502200649193626, 0.9196044259323772, 0.9456914354003711, 0.8977371630961299, 0.9612125239913621, 0.9712039217117494, 0.9147243679101899, 0.9366554338463923, 0.9328058414116962, 0.9541868454424942, 0.9758212402308458, 0.8670520006804364, 0.9585090037252819, 0.9905087860992084, 0.9169808016205963, 0.9569099256682827, 0.9321806778366897, 0.9478498576466606, 0.9685731513145529, 0.9763091178344454, 0.8928819449504317, 0.9930544694207594, 0.8643009661622738, 0.9514421228000264, 0.9482348509624178, 0.8300482584819712, 0.9613673912310206, 0.9866743597585799, 0.8525269306517316, 0.9596284552392237, 0.9729844007711994, 0.9576544248218121, 0.9807995803866849, 0.9785660089762304, 0.930051364343325, 0.9493592883091715, 0.8334985325368329, 0.9655230474877643, 0.9506845985134428, 0.9555328489179208, 0.9240594480509631, 0.9350550195918295, 0.8839423440051435, 0.9697015743675617, 0.9665626331103264, 0.963055469586037, 0.8717750968019942, 0.9357607709049981, 0.8858944581896199, 0.8899485738786449, 0.9070344738909114, 0.9537055541356318, 0.9257149135313508, 0.9749746011733024, 0.9257164058084677, 0.9639253802755056, 0.8335097041576972, 0.9334449469661026, 0.9632741938391983, 0.9284356862103604, 0.9301156199168772, 0.9032953917898324, 0.8150587072076205, 0.9418250171475713, 0.9075846575371261, 0.9689782896590928, 0.9198647452824834, 0.9678813016172129, 0.9810941008291117, 0.9489048324121632, 0.9658475991646684, 0.8992228835797785, 0.9813467674911606, 0.8833082317166683, 0.9132641279704704, 0.9132641279704704, 0.9638277473599133, 0.9011364739205308, 0.9467754165176199, 0.9020297278894632, 0.9555061000461866, 0.977908379790525, 0.9064361769910011, 0.8871897848023051, 0.9697333845382365, 0.9843053785322841, 0.9680773678413014, 0.9562782582096244, 0.9580763344766708, 0.9553862428652069, 0.9661400534362025, 0.9224266553909567, 0.9802478002157085, 0.9319641064615144, 0.9718489764166258, 0.9636464094363876, 0.9251012911746994, 0.9037042768152622, 0.8510684340838504, 0.8083219404930819, 0.8780200423908312, 0.9055956923255504, 0.9594560686933595, 0.9628385146407072, 0.9467029787401146, 0.9629870820880464, 0.9807652012534088, 0.9468053617213941, 0.9499927193807822, 0.9409262412682413, 0.9544586495524996, 0.9654881083833168, 0.9847867574714139, 0.9753733480574068, 0.9788919516481087, 0.9613823084327524, 0.9577439004253016, 0.9833003309559559, 0.9442531398941677, 0.9603196285592337, 0.9524405955779528, 0.9204312899963373, 0.9715778272457535, 0.9801115821328541, 0.9818821482242215, 0.9721189220079651, 0.9847665268645223, 0.9224203524118058, 0.9709467015335356, 0.9813550774786532, 0.9376703573801967, 0.9714172346825184, 0.9665456595915679, 0.862369782027225, 0.858568231511884, 0.8987299826331897, 0.8449710575044027, 0.8355145676230268, 0.8449599621014361, 0.8449745083478006, 0.8810503910125472, 0.8538579941745967, 0.9058708915849392, 0.8630174094915938, 0.811745880326445, 0.9492123327686826, 0.9199204075995814, 0.9745825714632068, 0.9569127108982836, 0.9550184035191298, 0.9575997636088158, 0.9185144522310144, 0.9692073047538444, 0.9549909055962014, 0.9490007574264544, 0.9500135608067426, 0.9574378286556602, 0.9215994328146561, 0.9539563736099697, 0.8058974292429575, 0.9599849203694529, 0.9692429761961024, 0.9487564670431551, 0.9487564670431551, 0.8428039875091857, 0.9315824219117199, 0.9735026994741144, 0.9706066809727396, 0.9451522193343466, 0.9377708794208675, 0.9595209831323801, 0.9504006893792943, 0.8260159164670413, 0.9758383412109384, 0.9681126307490446, 0.9548348186402874, 0.9689377664608553, 0.9728125355180907, 0.9630712703873316, 0.9724007706446756, 0.9607242243291114, 0.9284500860052635, 0.9719773960070245, 0.9495055603284679, 0.9504519889466474, 0.9262987794845703, 0.972106491150741, 0.9691780256440736, 0.9666260834397763, 0.9663064139899132, 0.9533025787891948, 0.9678883778629089, 0.9678767419286274, 0.9397856131257359, 0.95197279049175, 0.9048763167816034, 0.9651858710113288, 0.95977128096536, 0.949784355699502, 0.9458090815788404, 0.95077716349959, 0.9479829280063443, 0.9548033766915001, 0.9616770538560018, 0.9555924169437376, 0.9276392321524117, 0.9220847439996097, 0.9503611169008318, 0.97537788613323, 0.9706695672699505, 0.950373368621354, 0.974748746882657, 0.9775392200990731, 0.9724190513005017, 0.9671914849958313, 0.982859849054529, 0.9828396304896717, 0.9700513167254816, 0.9673408307797807, 0.9275410234183881, 0.9715966463759573, 0.9738450842632432, 0.9544135941363597, 0.96168282220413, 0.9743414342083689, 0.9810589613104899, 0.9726548970712889, 0.9641357255981299, 0.9838336665640708, 0.9223032359633063, 0.9270898993116578, 0.978838700048341, 0.9131525482698098, 0.9650454021346263, 0.912625650240413, 0.9800532967387883, 0.9514487013031215, 0.9034237820361295, 0.8600141432729993, 