{"puntoRappresentativo": [0.22684003926166027, 0.11477958527388962, 0.03613485708710899, 0.06715998395622591, 0.17963188247706588, 0.021813301683250103, 0.23938511939797386, 0.0398206654752902, 0.010859588577552393, 0.016478639383772656, 0.015164641998599758, 0.031931695427610235], "listaNomiAttDominanti": ["Sentiment", "Ratings", "Screens", "Genre", "Budget", "Views", "Gross", "Aggregate Followers", "Sequel", "Dislikes", "Comments", "Likes"], "listaIndiciAttDominanti": [6, 0, 4, 1, 3, 7, 2, 11, 5, 9, 10, 8], "listaSimilaritaPunti": [0.816364078655151, 0.9340993692392078, 0.9341590834998214, 0.8720259026191237, 0.9090097447316935, 0.6823701074871672, 0.9468321651439728, 0.848729044105071, 0.6666194941750909, 0.9004910082818397, 0.8657197445989662, 0.948966594617928, 0.7557896787592544, 0.8227594937056236, 0.8112486338649257, 0.9776735384985489, 0.7520398396088018, 0.8120625726100039, 0.9742175906331043, 0.9372699726749691, 0.8904825973924914, 0.8599965793048555, 0.9755383760799272, 0.867884137626739, 0.819557129454639, 0.872300913538002, 0.9201111753904846, 0.9656834390055942, 0.860155528686297, 0.8558330458309943, 0.921853933746554, 0.9053437897706083, 0.8608948118623112, 0.8608303682791331, 0.73393888733577, 0.9847677683818242, 0.9531555793873212, 0.8420731495328418, 0.9760471524044927, 0.7507100194961923, 0.8989997269898438, 0.9620186424815921, 0.8305697505032562, 0.9300346552481626, 0.9208593937803736, 0.9365216926590326, 0.8364336776877379, 0.8745947851749803, 0.9376737689439413, 0.934155655972838, 0.9581533396222688, 0.921353315841596, 0.8056566875531688, 0.8533916312212114, 0.90335401270816, 0.917405220609514, 0.8533923483053093, 0.8596102837768932, 0.9669656476524238, 0.918895807484338, 0.9643218359624662, 0.8782581775444928, 0.9393591814821866, 0.9075649711145055, 0.9669002324852258, 0.9041188868760783, 0.9586548437556152, 0.9337664287505426, 0.7242461221805896, 0.9275658185851403, 0.8963083413430277, 0.9381016400373665, 0.8596672901693032, 0.9302280618727764, 0.9262436340379581, 0.8776368820526821, 0.9001998905538183, 0.8412979556897192, 0.9003806211915005, 0.8566458203338146, 0.9568493113968992, 0.929054571228825, 0.9654239112934914, 0.8977238819107813, 0.8288578457436552, 0.8039406146309998, 0.97214308623063, 0.9209197580022743, 0.6204886501015263, 0.9554855019485912, 0.903388163601677, 0.8796518757350884, 0.8586589363435573, 0.8711131927970596, 0.8474471079438376, 0.8805916942210145, 0.8523085646626175, 0.9402889969338358, 0.9552913340280474, 0.754802602023352, 0.9634098260809897, 0.925607394149626, 0.7572636515366229, 0.89483167993453, 0.874056367293617, 0.9285713072846564, 0.8548854253977128, 0.9400896550820558, 0.9320507086428197, 0.829995627891542, 0.9554251398906461, 0.8609614945842126, 0.9063117620473482, 0.8632152011233337, 0.9361341271171738, 0.9280912464712184, 0.8975345628807925, 0.9136951100539339, 0.9399191964626673, 0.925622138573443, 0.9510060611726944, 0.860864756872054, 0.9595690207043468, 0.9476762958098356, 0.8996323102821249, 0.8693182531368184, 0.939026562702451, 0.7761574556229275, 0.945801183845378, 0.8421644354368123, 0.8607598750016063, 0.7718478096936237, 0.9592648957594471, 0.9525407604143401, 0.9309134706767894, 0.9333871604631012, 0.8923552243115331, 0.9313142520613376, 0.8555690398511734, 0.8156413224542146, 0.9636468266718354, 0.656832567888662, 0.8604484434622686, 0.8510610831858533, 0.9315912652716019, 0.9188814381590931, 0.9205895363721404, 0.9504330123630613, 0.8578523093961147, 0.9115261272914141, 0.9212866468255667, 0.9317575729993757, 0.922835202872301, 0.9622279269944283, 0.8650785430658479, 0.83074895377889, 0.7724073236662802, 0.7885308679765174, 0.8677420377337448, 0.8355382627405323, 0.9370105434342745, 0.9450566033494947, 0.8323039484923518, 0.8795123017260853, 0.9523868305324112, 0.9536507036849754, 0.9461825213233384, 0.9301701343815623, 0.8799190464336208, 0.8741851912515315, 0.9089322091453228, 0.8443910817387141, 0.7680012022750704, 0.8403156889765164, 0.9550909118521315, 0.9306768043227869, 0.681095245871914, 0.8995155027467786, 0.8377818146505829, 0.9232919852030271, 0.880286440266718, 0.7739060322405804, 0.8462141425352597, 0.8142378939844684, 0.8533902981919028, 0.8154313667719993, 0.768161605547112], "mediaSimilaritaPunti": 0.8845248026173693, "2percentOutliers": [88, 141, 8, 176]}
