{"puntoRappresentativo": [0.09784893294771586, 0.07350534522594737, 0.06553161879731315, 0.07044033833436114, 0.05270027863159333, 0.07157079714004634, 0.05733429916019248, 0.04157039515144937, 0.05390436096767656, 0.10281773332158765, 0.006669869859094435, 0.015918945975142266, 0.03335198401168575, 0.07140567708729155, 0.009367565428340887, 0.01290835210417492, 0.06050453909644224, 0.039206139428311644, 0.05531108683820538, 0.0081317404934278], "listaNomiAttDominanti": ["Hit target", "Reason for absence", "Month of absence", "Distance from Residence to Work", "Social drinker", "Seasons", "Day of the week", "Weight", "Service time", "Body mass index", "Work load Avg day", "Transportation expense", "Age", "Height", "Son", "Education", "Pet", "Social smoker", "Absenteeism time in hours", "Disciplinary failure"], "listaIndiciAttDominanti": [9, 0, 1, 5, 13, 3, 2, 16, 6, 18, 8, 4, 7, 17, 12, 11, 15, 14, 19, 10], "listaSimilaritaPunti": [0.9135372349240622, 0.7075650921731382, 0.9059616374044597, 0.7452923618681673, 0.9240915142133425, 0.9002616823226742, 0.8631021104859257, 0.8536125303068035, 0.8002002485309303, 0.8085929683442368, 0.7380677205507993, 0.7627116692228023, 0.825831763926523, 0.878960288725006, 0.9061195453264952, 0.8656885786042665, 0.9002616823226742, 0.8691973745892377, 0.8513112071100051, 0.8472958523125192, 0.7636295217649163, 0.8134513759649012, 0.7723529408305906, 0.8307161746377052, 0.8543207723492942, 0.804214135648781, 0.8848282910391424, 0.7591547178778449, 0.8903678648537918, 0.8729430455324187, 0.8351674566370902, 0.7443367983955135, 0.8169454913543747, 0.6991534769015523, 0.8428691968576396, 0.8013309953124929, 0.8859161988432422, 0.8243956456270595, 0.7605868947272592, 0.8251650122448129, 0.7933786211140331, 0.790573347763782, 0.8825821468168665, 0.8524910674569083, 0.8356438179496735, 0.7904827761517633, 0.8825069190064148, 0.9069959181340804, 0.8400558614461832, 0.8839462291844112, 0.7138254001106865, 0.6553773292234144, 0.8708508218466008, 0.8400733819126538, 0.7926399873353707, 0.7453007206172408, 0.8782331032945487, 0.9295929822718914, 0.7418546129146818, 0.887923657220922, 0.9265520223017789, 0.8830746047246365, 0.924777365822478, 0.8447183455244657, 0.7694742170310285, 0.8049553274491178, 0.9339022311688926, 0.869234024968568, 0.8447183455244657, 0.8852091161329181, 0.9014742317768889, 0.9440720431601548, 0.9366433180849221, 0.8853041123528627, 0.8879063024546143, 0.9163811023913423, 0.8718162444367046, 0.9538696989986787, 0.9011426399363459, 0.8966334846735707, 0.9447708433816959, 0.8842756437337522, 0.9243522832687625, 0.8098710041568428, 0.9479569147522556, 0.8208437225895058, 0.855984731499027, 0.8908681765890241, 0.8842756437337522, 0.8425268655603777, 0.8844746207965165, 0.8052675401529312, 0.8515590788795306, 0.9048253234489729, 0.8742676703953175, 0.8724523999961584, 0.9139023772839641, 0.9478295381548307, 0.8971032205270553, 0.8226698250833114, 0.9142138099341526, 0.884518235660443, 0.8858844718560149, 0.9087940527072862, 0.8279498191022614, 0.9118120210542637, 0.8874498540226331, 0.9104418002057135, 0.8744241526943651, 0.9118120210542637, 0.8553582661227398, 0.9089722042386793, 0.8736026534337695, 0.8826532835988624, 0.8083782620936575, 0.8308409497277333, 0.8287314972961394, 0.8752714342758374, 0.8135623155714641, 0.865700112966316, 0.8473863392387274, 0.8017484136857632, 0.8661314705219862, 0.8309681382740646, 0.8414248493298816, 0.8357237884019911, 0.8182800156135788, 0.8017484136857632, 0.8309681382740646, 0.7693757657068256, 0.908450072030701, 0.8414248493298816, 0.8135623155714641, 0.8357237884019911, 0.8014692306511801, 0.8748298266218676, 0.9251947820286177, 0.8103142820801403, 0.8371404782115003, 0.8968470223791838, 0.8734489740770716, 0.8876866034095504, 0.876888918121442, 0.9317531560496477, 0.7660599788480339, 0.7372495608361676, 0.8453752854731582, 0.8814090598018546, 0.7849746657273647, 0.8212592473047224, 0.881375461431795, 0.797192988710582, 0.8296179828087684, 0.8902070202824158, 0.885599717316638, 0.8822485982826036, 0.8501578518578382, 0.7789827060471267, 0.7516299271076706, 0.9303944197851485, 0.8469777170780108, 0.7689254976115275, 0.8585336561466053, 0.8408813377914522, 0.6975958650085485, 0.7450923242523668, 0.8376314563072688, 0.8269195705560018, 0.8900311850671336, 0.7345085835614238, 0.872907744505551, 0.8567482533838899, 0.7469995909504187, 0.8856452547690954, 0.8841800005740955, 0.8321062210878184, 0.73941413450286, 0.8615651153847216, 0.8696860661232342, 0.9099292285843381, 0.8043259813398186, 0.866367116494291, 0.8704679340153485, 0.8466941287992459, 0.9523893275479263, 0.9044827272268472, 0.877458900578737, 0.9118974519574098, 0.8889562127470642, 0.879656542034512, 0.8967515205430138, 0.9208145632877417, 0.9092827642238619, 0.941506436534246, 0.901764263645144, 0.9433995906080452, 0.9031718457852032, 0.8760161657043878, 0.9420993548877836, 0.8604289842500987, 0.7964521982622168, 0.9396317409764887, 0.8271647676744716, 0.6486335629271789, 0.9161550301032377, 0.8750517241629505, 0.8367904906710208, 0.9009382861574541, 0.8563691447181618, 0.7698615595728643, 0.8368827655899687, 0.8842270221969688, 0.9150360591313623, 0.6773451045682034, 0.6715827652352981, 0.6587024767368721, 0.6796349676564889, 0.8807712485469406, 0.8639992885278154, 0.8837048329382501, 0.8754872011290722, 0.8622322271193061, 0.8725233644255839, 0.9394530065546141, 0.8763429428212353, 0.8711523232514105, 0.8445893572177672, 0.8495713700420837, 0.8771318320143509, 0.8403641211993423, 0.886314697399066, 0.8536439062004898, 0.8055005946498826, 0.9018047523671362, 0.8157678282752182, 0.832795738743041, 0.8398341633216162, 0.8035383791342529, 0.7674973883652587, 0.8259592630295194, 0.8218686177166411, 0.7798433500054871, 0.8590334778367065, 0.7059208041423145, 0.7358547345833688, 0.7620190836888123, 0.8634883848372055, 0.9345675321928426, 0.9200741747598684, 0.8907411237889664, 0.9286852834873905, 0.7326962875845628, 0.9112971827444984, 0.7773992082478952, 0.890489173175744, 0.7904525169323883, 0.828349668413883, 0.8316550610108795, 0.8594422873381697, 0.9138724448611364, 0.8774301552247303, 0.8271669853429983, 0.7780544077857873, 0.8515431961389142, 0.8409834035763049, 0.8378043712164998, 0.8732248281596159, 0.8438658890747855, 0.8130676164007145, 0.7744533234235389, 0.7613237554279975, 0.8280251297995816, 0.8402179184232732, 0.6747642002547902, 0.7334066143612711, 0.8271963281371646, 0.680740839517649, 0.6212908634714047, 0.807337410409197, 0.7715836872399497, 0.8331898819649303, 0.8331901538978662, 0.7877146460608481, 0.8556346365667393, 0.8458978442885463, 0.7285676304067392, 0.8733724025628155, 0.7853827775179244, 0.8123862255474371, 0.8996001205243402, 0.8173573688938949, 0.9010993717668877, 0.9265632916298585, 0.7543028340810057, 0.7333979321380599, 0.6447365315489648, 0.747378878214243, 0.8329536940584095, 0.9196952996927492, 0.6693508239876156, 0.7658393405172697, 0.9279451855991218, 0.8763679951951545, 0.773624955834916, 0.8632115958621126, 0.8632115958621126, 0.8742046092961517, 0.9130250966739039, 0.781504346447877, 0.8904386252758573, 0.8124562718637697, 0.7225406899420719, 0.7595952867470568, 0.6475938749317738, 0.6907971793828128, 0.7303659635590497, 0.8857712892054793, 0.8021550388341538, 0.8813628629191749, 0.8937223373437996, 0.9149502241246006, 0.9228183321492623, 0.7154451752779534, 0.7880824886903546, 0.9055706020874636, 0.7016747817277724, 0.8800382664549873, 0.8404109506587831, 0.8921193481982943, 0.9587662651821676, 0.906406180724511, 0.9271804231869134, 0.8785716378932166, 0.9437408286973406, 0.8760843387660767, 0.8929445292090722, 0.7166470382397088, 0.7079830459339816, 0.9544591196343744, 0.8096976190198065, 0.9003566187502453, 0.9002689320999248, 0.8273853536750921, 0.8880674516458511, 0.8914984819334306, 0.8528321263681791, 0.9358540941627217, 0.932073910297496, 0.7783616097994625, 0.8312635712720757, 0.8675464470855698, 0.932073910297496, 0.8657126503767543, 0.8324966075211766, 