{"puntoRappresentativo": [0.04786832017793387, 0.0480885085921443, 0.04669810485296577, 0.029296864596347217, 0.05867741392699945, 0.03397700399987578, 0.024473556007427653, 0.029694701061609086, 0.056344369733943085, 0.04043751362875888, 0.013647866161716416, 0.02919347534579192, 0.012625725973875776, 0.007414748163268455, 0.028015894453945898, 0.023066427831704952, 0.010476166606230611, 0.031084441648688944, 0.027366797473527008, 0.013822909970406189, 0.040705491794372745, 0.053782237554152755, 0.03845186082379655, 0.022150705959397967, 0.05960568937959334, 0.028669011533272996, 0.027223001501480736, 0.05177306766693505, 0.03872768815908802, 0.02664043542074853], "listaNomiAttDominanti": ["ff", "g", "m", "cc", "ii", "d", "c", "e", "bb", "n", "ll", "dd", "h", "v", "l", "f", "p", "gg", "s", "z", "hh", "mm", "i", "t", "ee", "aa", "o", "q", "u", "r"], "listaIndiciAttDominanti": [24, 4, 8, 21, 27, 1, 0, 2, 20, 9, 28, 22, 5, 17, 7, 3, 11, 25, 14, 18, 26, 29, 6, 15, 23, 19, 10, 12, 16, 13], "listaSimilaritaPunti": [0.8907966602312123, 0.8956871049492228, 0.9424951618996964, 0.8767898320615682, 0.895510782151471, 0.9316887052977101, 0.9408325294684462, 0.976277618325113, 0.9486405236550199, 0.8650801716422678, 0.9344072227199022, 0.9593910580214184, 0.9026423312210209, 0.9532889142784762, 0.9208551616036471, 0.9548735611857712, 0.9679270047886428, 0.9708236489094028, 0.9022889862489658, 0.9664876117076278, 0.9579695242696169, 0.8778342120175422, 0.9121639810862009, 0.8926154782830289, 0.9503776208382575, 0.9291695342114712, 0.9355361025534096, 0.9446900252701578, 0.9580934612343643, 0.9439716850446643, 0.9565769410800371, 0.927383950577139, 0.9696540862753094, 0.9387978112487678, 0.9462242696010688, 0.9575143695801087, 0.9741303878782889, 0.8885731357107972, 0.8046581905511909, 0.9386559717538931, 0.9488311569739954, 0.9371346045464722, 0.9197908671581516, 0.9749793757051147, 0.9510686092538875, 0.9320004401492642, 0.8569689781751313, 0.9524922002952492, 0.9592000776140307, 0.9650666045896715, 0.9365016117453627, 0.9629607778066627, 0.9616571341929364, 0.9508475575683818, 0.9535857979358298, 0.9439205191396884, 0.9464050664863465, 0.9740484335025459, 0.8984224564595515, 0.7879759926902731, 0.8098380510878568, 0.8533070377908591, 0.9389362377244528, 0.8141286102872941, 0.9697323497729359, 0.9826394567685311, 0.8970290803909019, 0.9597764166330577, 0.7719041783683988, 0.9577986417379173, 0.8965940499960956, 0.7078082905646355, 0.9462823071181719, 0.9576248357224217, 0.991766974880577, 0.9499871654523049, 0.8815227360269671, 0.9273097879821341, 0.9316614359185096, 0.9908507418576519, 0.9394239234561322, 0.9524282695064211, 0.8984844914576829, 0.939003454132551, 0.9652663029644775, 0.9611483248176889, 0.9731663545713363, 0.935361923717674, 0.9804988058860095, 0.9562531488412874, 0.9626101647945994, 0.9685055780368702, 0.9256821139128024, 0.9816751893277628, 0.9542366096254471, 0.9464802620823242, 0.9457360725811113, 0.842309712988844, 0.9457544196988735, 0.9852285529530797, 0.960898734617679, 0.7219430689868904, 0.9246022456458686, 0.9423462532160133, 0.9172581102420541, 0.9137861393093956, 0.9615004527447212, 0.9659111330930197, 0.9138607478691144, 0.9342438277131672, 0.8940787617408587, 0.9503714014274366, 0.8360062658473394, 0.9058977839926283, 0.8549811670755708, 0.966150418735332, 0.7511246269508387, 0.9600081152935586, 0.9612925747448569, 0.8846025956440939, 0.9113778802718469, 0.9616932466844945, 0.9038608512631664, 0.9400073472306958, 0.944739371417173, 0.9598861337172705, 0.9539621902631433, 0.9062654453830606, 0.9493317695086994, 0.9424892158481939, 0.9420511817557135, 0.9663650235434318, 0.9782901453050521, 0.9523661133594958, 0.9502409956506763, 0.9616560015813577, 0.9047443522378132, 0.978398745999323, 0.9223209484198253, 0.9001577625021862, 0.7884067010309364, 0.978218680010606, 0.9487508903570326, 0.9767609380647478, 0.9720027383050446, 0.8889179197309034, 0.8973003954379583, 0.9433568650894967, 0.9618472321683774, 0.9541766419751858, 0.9283961396858182, 0.8339534839908734, 0.7176805324447848, 0.9165594068317577, 0.9659530629507682, 0.9797819115682019, 0.9559646392101695, 0.9011997710052149, 0.9605710846364431, 0.9396816453526083, 0.966492499509663, 0.8668415290765528, 0.9191382768034805, 0.9598535373756228, 0.8925451285405327, 0.9259185582733872, 0.8390718436132514, 0.9581044720397044, 0.9276852073190952, 0.9657758987208097, 0.9347323684395166, 0.9691363828895312, 0.9164895886856074, 0.8559695380313204, 0.8205909898366355, 0.7845882337270065, 0.8210107345586669, 0.955487949330437, 0.7713845990104008, 0.9104937318856478, 0.8668624593841491, 0.9354876843182868, 0.9618678519399447, 0.9073643331895127, 0.9591324903826047, 0.8478669445988974, 0.9075375251326563, 0.9684129345174902, 0.9210847228105529, 0.9785125368193388, 0.8825049401957771, 0.9045476004972661, 0.5297206288943475, 0.956947960225343, 0.9540841066175691, 0.9775235589057778, 0.976953886988481, 0.8961933810559856, 0.9330351737165018, 0.948070976114977, 0.9812513766805505, 0.9385043600504015, 0.9295266446284816, 0.9663879316929355, 0.9908338789867174, 0.9517844401598252, 0.9118677210794792, 0.9379273917500608, 0.9579030538437526, 0.8983778779916963, 0.9072896006545101, 0.981004231549346, 0.7282564557252726, 0.8189525027241121, 0.9674455177369098, 0.9683151159652135, 0.9672961806719744, 0.9034999923645327, 0.9369141853863046, 0.8857509146378824, 0.9353792331934604, 0.9580185560333466, 0.9219238956190238, 0.9741368017130859, 0.9789165386225819, 0.9402175996361715, 0.9153658272704038, 0.9459653097896444, 0.9434358275012568, 0.946440450877378, 0.9400619453976311, 0.8199228060045993, 0.7733032757836845, 0.9050482037623633, 0.8862524016221657, 0.9544776421023, 0.9098558454289046, 0.8895579370462107, 0.8910001939437934, 0.9193023929558299, 0.9730407436987218, 0.9406487388314202, 0.8952476632147052, 0.9376876982204788, 0.9673694946231874, 0.8915815023446972, 0.9441426531988447, 0.8522453326285384, 0.91365602110091, 0.9696530854033139, 0.9109654195744463, 0.967642037129481, 0.9206925440507384, 0.9483058399851464, 0.926553143063733, 0.9787998278362076, 0.9342951356197129, 0.9386440794993367, 0.9248071024051691, 0.9399705247745882, 0.9329275344670707, 0.917749166393228, 0.9440437800279154, 0.9194938750176578, 0.9465996687316234, 0.8736010842202871, 0.9479512378636703, 0.9486923674778467, 0.9581119543961113, 0.9348460073496103, 0.8562752126820526, 0.9409909571445377, 0.8976790921983482, 0.8760699988210482, 0.9317086843868415, 0.8903382075271987, 0.8797852128963487, 0.908120534324156, 0.9348541040235591, 0.9665625640154801, 0.9603455555144194, 0.9028435320056186, 0.9450046608827367, 0.9472224296944446, 0.9238836859762389, 0.9053111196329073, 0.9450110456728443, 0.9308899441415988, 0.8352031487449241, 0.9201953233073946, 0.8183041043164895, 0.9806306666341531, 0.9663976145468877, 0.9673240612972834, 0.9527068837830328, 0.9415264548121768, 0.8881947940162482, 0.9306908843771251, 0.9236394820976742, 0.8894718324272334, 0.9328673748616109, 0.9730283216455285, 0.956089518073717, 0.9180798740192446, 0.9752925886696877, 0.8847132691477684, 0.9268054599891098, 0.7979860433820822, 0.8590376913599544, 0.916393251627383, 0.9386324436474301, 0.9111882534363112, 0.9679211180741157, 0.8766771074742413, 0.7091479667933882, 0.9015708180266181, 0.9123753232720658, 0.9403404084279794, 0.8479024575553603, 0.8319769959776397, 0.919168416538116, 0.8827377999430146, 0.9475844805495229, 0.9454337752648961, 0.9796971786176184, 0.9670010810003983, 0.9327451317227473, 0.9308913987832377, 0.9817249310624897, 0.9693315448157562, 0.9429485157940438, 0.9693545311517938, 0.8652018214747144, 0.9230038179705595, 0.9335008923045734, 0.9556184783150418, 0.9252311818752729, 0.9627689664669002, 0.929278557395965, 0.8830828234100053, 0.975685129968259, 0.9054064486670439, 0.9473834211499684, 0.9442548560845769, 0.9366248273468762, 0.8369386352481415, 0.9559392543494869, 0.9504059852793548, 0.940218770183163, 0.8969688837225535, 